Date,Price,Open,High,Low,Change %
2022-01-01,15.71,15.71,15.71,15.71,0.0
2022-01-02,15.71,15.71,15.75,15.69,0.0
2022-01-03,15.7488,15.71,15.75,15.69,0.25
2022-01-04,15.73,15.71,15.75,15.69,-0.12
2022-01-05,15.715,15.73,15.75,15.69,-0.1
2022-01-06,15.715,15.715,15.715,15.715,0.0
2022-01-07,15.715,15.715,15.715,15.715,0.0
2022-01-08,15.715,15.715,15.715,15.715,0.0
2022-01-09,15.705,15.71,15.75,15.69,-0.06
2022-01-10,15.73,15.69,15.75,15.69,0.16
2022-01-11,15.71,15.72,15.75,15.6883,-0.13
2022-01-12,15.72,15.705,15.754,15.69,0.06
2022-01-13,15.69,15.7,15.7495,15.67,-0.19
2022-01-14,15.69,15.69,15.69,15.69,0.0
2022-01-15,15.69,15.69,15.69,15.69,0.0
2022-01-16,15.6833,15.69,15.7438,15.68,-0.04
2022-01-17,15.715,15.69,15.7453,15.6823,0.2
2022-01-18,15.74,15.71,15.7525,15.687,0.16
2022-01-19,15.71,15.71,15.75,15.69,-0.19
2022-01-20,15.74,15.725,15.75,15.69,0.19
2022-01-21,15.715,15.715,15.715,15.715,-0.16
2022-01-22,15.715,15.715,15.715,15.715,0.0
2022-01-23,15.71,15.69,15.7475,15.69,-0.03
2022-01-24,15.71,15.69,15.7503,15.69,0.0
2022-01-25,15.74,15.69,15.75,15.69,0.19
2022-01-26,15.74,15.69,15.75,15.69,0.0
2022-01-27,15.74,15.74,15.74,15.74,0.0
2022-01-28,15.74,15.74,15.74,15.74,0.0
2022-01-29,15.74,15.74,15.74,15.74,0.0
2022-01-30,15.71,15.71,15.745,15.69,-0.19
2022-01-31,15.71,15.71,15.7586,15.69,0.0
2022-02-01,15.71,15.69,15.75,15.69,0.0
2022-02-02,15.7085,15.71,15.75,15.69,-0.01
2022-02-03,15.735,15.69,15.75,15.6898,0.17
2022-02-04,15.735,15.735,15.735,15.735,0.0
2022-02-05,15.735,15.735,15.735,15.735,0.0
2022-02-06,15.71,15.71,15.745,15.6838,-0.16
2022-02-07,15.71,15.71,15.7475,15.69,0.0
2022-02-08,15.725,15.725,15.7613,15.6825,0.1
2022-02-09,15.735,15.71,15.7513,15.69,0.06
2022-02-10,15.71,15.69,15.7525,15.69,-0.16
2022-02-11,15.71,15.71,15.71,15.71,0.0
2022-02-12,15.71,15.71,15.71,15.71,0.0
2022-02-13,15.71,15.71,15.7525,15.69,0.0
2022-02-14,15.72,15.7,15.7525,15.69,0.06
2022-02-15,15.72,15.7388,15.75,15.69,0.0
2022-02-16,15.71,15.69,15.7488,15.69,-0.06
2022-02-17,15.735,15.71,15.7488,15.69,0.16
2022-02-18,15.735,15.735,15.735,15.735,0.0
2022-02-19,15.735,15.735,15.735,15.735,0.0
2022-02-20,15.71,15.73,15.745,15.69,-0.16
2022-02-21,15.715,15.71,15.7475,15.69,0.03
2022-02-22,15.715,15.7,15.75,15.69,0.0
2022-02-23,15.72,15.71,15.7475,15.69,0.03
2022-02-24,15.745,15.71,15.7455,15.69,0.16
2022-02-25,15.745,15.745,15.745,15.745,0.0
2022-02-26,15.745,15.745,15.745,15.745,0.0
2022-02-27,15.7088,15.71,15.7425,15.69,-0.23
2022-02-28,15.71,15.71,15.75,15.69,0.01
2022-03-01,15.71,15.69,15.75,15.69,0.0
2022-03-02,15.72,15.69,15.75,15.69,0.06
2022-03-03,15.735,15.746,15.75,15.66,0.1
2022-03-04,15.69,15.71,15.7225,15.69,-0.29
2022-03-05,15.7,15.7,15.7,15.7,0.06
2022-03-06,15.725,15.71,15.75,15.69,0.16
2022-03-07,15.74,15.71,15.75,15.69,0.1
2022-03-08,15.74,15.725,15.75,15.69,0.0
2022-03-09,15.74,15.71,15.75,15.69,0.0
2022-03-10,15.72,15.71,15.75,15.69,-0.13
2022-03-11,15.69,15.69,15.69,15.69,-0.19
2022-03-12,15.69,15.69,15.69,15.69,0.0
2022-03-13,15.75,15.71,15.75,15.66,0.38
2022-03-14,15.74,15.71,15.75,15.69,-0.06
2022-03-15,15.71,15.7,15.75,15.69,-0.19
2022-03-16,15.72,15.71,15.75,15.69,0.06
2022-03-17,15.72,15.69,15.75,15.69,0.0
2022-03-18,15.72,15.72,15.72,15.72,0.0
2022-03-19,15.72,15.72,15.72,15.72,0.0
2022-03-20,15.75,15.71,15.75,15.69,0.19
2022-03-21,18.22,15.69,18.25,15.64,15.68
2022-03-22,18.5388,18.2,18.565,18.195,1.75
2022-03-23,18.37,18.5,18.5365,18.3,-0.91
2022-03-24,18.33,18.385,18.505,18.235,-0.22
2022-03-25,18.335,18.335,18.335,18.335,0.03
2022-03-26,18.5,18.5,18.5,18.5,0.9
2022-03-27,18.285,18.3,18.35,18.22,-1.16
2022-03-28,18.31,18.32,18.365,18.27,0.14
2022-03-29,18.32,18.3,18.3612,18.275,0.05
2022-03-30,18.27,18.3,18.345,18.225,-0.27
2022-03-31,18.28,18.3,18.33,18.22,0.05
2022-04-01,18.28,18.28,18.28,18.28,0.0
2022-04-02,18.29,18.29,18.29,18.29,0.05
2022-04-03,18.25,18.29,18.32,18.21,-0.22
2022-04-04,18.24,18.28,18.3,18.21,-0.05
2022-04-05,18.24,18.28,18.305,18.215,0.0
2022-04-06,18.31,18.29,18.35,18.2395,0.38
2022-04-07,18.34,18.315,18.3725,18.2775,0.16
2022-04-08,18.34,18.34,18.34,18.34,0.0
2022-04-09,18.34,18.34,18.34,18.34,0.0
2022-04-10,18.35,18.34,18.39,18.319,0.05
2022-04-11,18.44,18.35,18.4663,18.29,0.49
2022-04-12,18.5,18.42,18.5715,18.41,0.33
2022-04-13,18.41,18.5,18.555,18.385,-0.49
2022-04-14,18.395,18.41,18.5,18.335,-0.08
2022-04-15,18.395,18.395,18.395,18.395,0.0
2022-04-16,18.385,18.385,18.385,18.385,-0.05
2022-04-17,18.41,18.39,18.49,18.36,0.14
2022-04-18,18.44,18.39,18.5,18.36,0.16
2022-04-19,18.47,18.42,18.4938,18.36,0.16
2022-04-20,18.49,18.45,18.51,18.42,0.11
2022-04-21,18.58,18.47,18.595,18.42,0.49
2022-04-22,18.58,18.58,18.58,18.58,0.0
2022-04-23,18.58,18.58,18.58,18.58,0.0
2022-04-24,18.58,18.58,18.58,18.58,0.0
2022-04-25,18.56,18.56,18.56,18.56,-0.11
2022-04-26,18.515,18.55,18.59,18.44,-0.24
2022-04-27,18.5,18.5,18.575,18.465,-0.08
2022-04-28,18.49,18.48,18.535,18.41,-0.05
2022-04-29,18.49,18.49,18.49,18.49,0.0
2022-04-30,18.49,18.49,18.49,18.49,0.0
2022-05-01,18.48,18.48,18.48,18.48,-0.05
2022-05-02,18.48,18.48,18.48,18.48,0.0
2022-05-03,18.48,18.48,18.48,18.48,0.0
2022-05-04,18.48,18.48,18.48,18.48,0.0
2022-05-05,18.48,18.48,18.48,18.48,0.0
2022-05-06,18.48,18.48,18.48,18.48,0.0
2022-05-07,18.48,18.48,18.48,18.48,0.0
2022-05-08,18.515,18.48,18.52,18.39,0.19
2022-05-09,18.48,18.48,18.5225,18.47,-0.19
2022-05-10,18.48,18.48,18.5225,18.47,0.0
2022-05-11,18.385,18.49,18.555,18.36,-0.51
2022-05-12,18.315,18.37,18.49,18.28,-0.38
2022-05-13,18.315,18.315,18.315,18.315,0.0
2022-05-14,18.315,18.315,18.315,18.315,0.0
2022-05-15,18.31,18.31,18.3612,18.26,-0.03
2022-05-16,18.28,18.29,18.34,18.26,-0.16
2022-05-17,18.28,18.27,18.3363,18.24,0.0
2022-05-18,18.26,18.26,18.3053,18.25,-0.11
2022-05-19,18.28,18.26,18.3,18.25,0.11
2022-05-20,18.28,18.28,18.28,18.28,0.0
2022-05-21,18.28,18.28,18.28,18.28,0.0
2022-05-22,18.275,18.26,18.3,18.25,-0.03
2022-05-23,18.405,18.26,18.435,18.25,0.71
2022-05-24,18.52,18.405,18.54,18.375,0.62
2022-05-25,18.605,18.5,18.63,18.4888,0.46
2022-05-26,18.605,18.595,18.62,18.505,0.0
2022-05-27,18.605,18.605,18.605,18.605,0.0
2022-05-28,18.605,18.605,18.605,18.605,0.0
2022-05-29,18.595,18.58,18.62,18.515,-0.05
2022-05-30,18.605,18.58,18.62,18.57,0.05
2022-05-31,18.605,18.58,18.62,18.57,0.0
2022-06-01,18.63,18.58,18.65,18.57,0.13
2022-06-02,18.63,18.61,18.6725,18.595,0.0
2022-06-03,18.63,18.63,18.63,18.63,0.0
2022-06-04,18.63,18.63,18.63,18.63,0.0
2022-06-05,18.63,18.63,18.67,18.515,0.0
2022-06-06,18.655,18.63,18.67,18.62,0.13
2022-06-07,18.685,18.63,18.7,18.605,0.16
2022-06-08,18.69,18.66,18.72,18.645,0.03
2022-06-09,18.71,18.68,18.725,18.67,0.11
2022-06-10,18.71,18.71,18.71,18.71,0.0
2022-06-11,18.71,18.71,18.71,18.71,0.0
2022-06-12,18.68,18.695,18.72,18.64,-0.16
2022-06-13,18.72,18.68,18.75,18.67,0.21
2022-06-14,18.74,18.7,18.775,18.59,0.11
2022-06-15,18.765,18.73,18.7875,18.59,0.13
2022-06-16,18.74,18.74,18.7825,18.72,-0.13
2022-06-17,18.74,18.74,18.74,18.74,0.0
2022-06-18,18.74,18.74,18.74,18.74,0.0
2022-06-19,18.7825,18.76,18.785,18.695,0.23
2022-06-20,18.775,18.74,18.785,18.73,-0.04
2022-06-21,18.75,18.74,18.785,18.73,-0.13
2022-06-22,18.74,18.74,18.785,18.73,-0.05
2022-06-23,18.775,18.74,18.785,18.73,0.19
2022-06-24,18.775,18.775,18.775,18.775,0.0
2022-06-25,18.775,18.775,18.775,18.775,0.0
2022-06-26,18.765,18.755,18.78,18.73,-0.05
2022-06-27,18.775,18.74,18.785,18.73,0.05
2022-06-28,18.795,18.74,18.8075,18.73,0.11
2022-06-29,18.8,18.76,18.865,18.725,0.03
2022-06-30,18.8,18.8,18.8,18.8,0.0
2022-07-01,18.8,18.8,18.8,18.8,0.0
2022-07-02,18.8,18.8,18.8,18.8,0.0
2022-07-03,18.81,18.805,18.855,18.775,0.05
2022-07-04,18.865,18.81,18.8875,18.8,0.29
2022-07-05,18.86,18.865,18.905,18.83,-0.03
2022-07-06,18.885,18.865,18.905,18.85,0.13
2022-07-07,18.885,18.88,18.905,18.85,0.0
2022-07-08,18.86,18.86,18.86,18.86,-0.13
2022-07-09,18.86,18.86,18.86,18.86,0.0
2022-07-10,18.86,18.86,18.86,18.86,0.0
2022-07-11,18.88,18.88,18.88,18.88,0.11
2022-07-12,18.88,18.88,18.88,18.88,0.0
2022-07-13,18.875,18.875,18.875,18.875,-0.03
2022-07-14,18.88,18.875,18.88,18.875,0.03
2022-07-15,18.88,18.88,18.88,18.88,0.0
2022-07-16,18.88,18.88,18.88,18.88,0.0
2022-07-17,18.86,18.86,18.905,18.84,-0.11
2022-07-18,18.92,18.86,18.925,18.85,0.32
2022-07-19,18.91,18.88,18.955,18.87,-0.05
2022-07-20,18.95,18.9313,18.955,18.9,0.21
2022-07-21,18.92,18.93,18.97,18.87,-0.16
2022-07-22,18.92,18.92,18.92,18.92,0.0
2022-07-23,18.92,18.92,18.92,18.92,0.0
2022-07-24,18.96,18.92,18.96,18.87,0.21
2022-07-25,18.96,18.92,18.965,18.91,0.0
2022-07-26,18.96,18.92,18.965,18.91,0.0
2022-07-27,18.94,18.94,18.965,18.91,-0.11
2022-07-28,18.92,18.94,18.965,18.91,-0.11
2022-07-29,18.92,18.92,18.92,18.92,0.0
2022-07-30,18.92,18.92,18.92,18.92,0.0
2022-07-31,18.96,18.92,18.985,18.91,0.21
2022-08-01,18.975,18.94,18.98,18.93,0.08
2022-08-02,19.04,18.94,19.06,18.93,0.34
2022-08-03,19.08,19.02,19.125,18.92,0.21
2022-08-04,19.15,19.08,19.155,19.07,0.37
2022-08-05,19.11,19.13,19.13,19.11,-0.21
2022-08-06,19.11,19.11,19.11,19.11,0.0
2022-08-07,19.11,19.125,19.155,19.1,0.0
2022-08-08,19.17,19.11,19.175,19.095,0.31
2022-08-09,19.16,19.154,19.17,19.1,-0.05
2022-08-10,19.13,19.15,19.175,19.12,-0.16
2022-08-11,19.15,19.13,19.17,19.12,0.1
2022-08-12,19.15,19.15,19.15,19.15,0.0
2022-08-13,19.15,19.15,19.15,19.15,0.0
2022-08-14,19.13,19.15,19.175,19.11,-0.1
2022-08-15,19.15,19.13,19.175,19.12,0.1
2022-08-16,19.15,19.13,19.17,19.12,0.0
2022-08-17,19.13,19.13,19.17,19.12,-0.1
2022-08-18,19.15,19.13,19.17,19.12,0.1
2022-08-19,19.15,19.15,19.15,19.15,0.0
2022-08-20,19.13,19.13,19.13,19.13,-0.1
2022-08-21,19.17,19.13,19.175,19.12,0.21
2022-08-22,19.17,19.15,19.17,19.12,0.0
2022-08-23,19.17,19.13,19.19,19.12,0.0
2022-08-24,19.2,19.1737,19.2075,19.13,0.16
2022-08-25,19.195,19.18,19.2175,19.15,-0.03
2022-08-26,19.195,19.195,19.195,19.195,0.0
2022-08-27,19.195,19.195,19.195,19.195,0.0
2022-08-28,19.205,19.17,19.21,19.16,0.05
2022-08-29,19.21,19.19,19.235,19.145,0.03
2022-08-30,19.235,19.19,19.2575,19.18,0.13
2022-08-31,19.235,19.225,19.2575,19.2,0.0
2022-09-01,19.23,19.2113,19.25,19.17,-0.03
2022-09-02,19.23,19.23,19.23,19.23,0.0
2022-09-03,19.23,19.23,19.23,19.23,0.0
2022-09-04,19.21,19.225,19.25,19.2,-0.1
2022-09-05,19.235,19.21,19.2575,19.2,0.13
2022-09-06,19.255,19.21,19.2675,19.14,0.1
2022-09-07,19.27,19.22,19.295,19.205,0.08
2022-09-08,19.325,19.25,19.3575,19.22,0.29
2022-09-09,19.325,19.325,19.325,19.325,0.0
2022-09-10,19.325,19.325,19.325,19.325,0.0
2022-09-11,19.32,19.29,19.365,19.23,-0.03
2022-09-12,19.36,19.32,19.38,19.22,0.21
2022-09-13,19.35,19.34,19.3875,19.33,-0.05
2022-09-14,19.37,19.34,19.415,19.33,0.1
2022-09-15,19.425,19.4,19.44,19.345,0.28
2022-09-16,19.425,19.425,19.425,19.425,0.0
2022-09-17,19.425,19.425,19.425,19.425,0.0
2022-09-18,19.4475,19.4,19.4475,19.355,0.12
2022-09-19,19.42,19.4,19.4475,19.39,-0.14
2022-09-20,19.44,19.4,19.465,19.39,0.1
2022-09-21,19.48,19.42,19.525,19.355,0.21
2022-09-22,19.49,19.47,19.5175,19.41,0.05
2022-09-23,19.49,19.49,19.49,19.49,0.0
2022-09-24,19.49,19.49,19.49,19.49,0.0
2022-09-25,19.49,19.47,19.515,19.355,0.0
2022-09-26,19.51,19.47,19.5375,19.46,0.1
2022-09-27,19.49,19.47,19.5375,19.42,-0.1
2022-09-28,19.53,19.49,19.555,19.48,0.21
2022-09-29,19.54,19.51,19.5875,19.5,0.05
2022-09-30,19.54,19.54,19.54,19.54,0.0
2022-10-01,19.54,19.54,19.54,19.54,0.0
2022-10-02,19.54,19.54,19.58,19.505,0.0
2022-10-03,19.62,19.54,19.665,19.44,0.41
2022-10-04,19.66,19.62,19.69,19.61,0.2
2022-10-05,19.66,19.64,19.68,19.63,0.0
2022-10-06,19.64,19.64,19.64,19.64,-0.1
2022-10-07,19.66,19.66,19.66,19.66,0.1
2022-10-08,19.66,19.66,19.66,19.66,0.0
2022-10-09,19.68,19.64,19.68,19.63,0.1
2022-10-10,19.665,19.64,19.685,19.63,-0.08
2022-10-11,19.685,19.64,19.705,19.63,0.1
2022-10-12,19.685,19.66,19.7,19.65,0.0
2022-10-13,19.66,19.66,19.7,19.64,-0.13
2022-10-14,19.66,19.66,19.66,19.66,0.0
2022-10-15,19.66,19.66,19.66,19.66,0.0
2022-10-16,19.66,19.66,19.7,19.53,0.0
2022-10-17,19.68,19.66,19.7,19.65,0.1
2022-10-18,19.66,19.66,19.7,19.65,-0.1
2022-10-19,19.68,19.66,19.7,19.65,0.1
2022-10-20,19.615,19.66,19.7,19.605,-0.33
2022-10-21,19.615,19.615,19.615,19.615,0.0
2022-10-22,19.615,19.615,19.615,19.615,0.0
2022-10-23,19.7,19.66,19.7,19.645,0.43
2022-10-24,19.66,19.66,19.7,19.65,-0.2
2022-10-25,19.705,19.66,19.72,19.645,0.23
2022-10-26,19.71,19.68,19.74,19.67,0.03
2022-10-27,23.15,19.7,23.15,19.69,17.45
2022-10-28,23.15,23.15,23.15,23.15,0.0
2022-10-29,23.15,23.15,23.15,23.15,0.0
2022-10-30,23.85,22.95,24.215,22.9,3.02
2022-10-31,24.175,23.85,24.255,23.85,1.36
2022-11-01,24.2,24.0,24.27,24.0,0.1
2022-11-02,24.08,24.2,24.3,24.05,-0.5
2022-11-03,24.25,24.2,24.325,24.05,0.71
2022-11-04,24.25,24.25,24.25,24.25,0.0
2022-11-05,24.25,24.25,24.25,24.25,0.0
2022-11-06,24.25,24.25,24.3,24.2,0.0
2022-11-07,24.32,24.25,24.38,24.2,0.29
2022-11-08,24.345,24.3,24.425,24.25,0.1
2022-11-09,24.395,24.33,24.4299,24.25,0.21
2022-11-10,24.39,24.37,24.45,24.322,-0.02
2022-11-11,24.39,24.39,24.39,24.39,0.0
2022-11-12,24.39,24.39,24.39,24.39,0.0
2022-11-13,24.395,24.37,24.45,24.355,0.02
2022-11-14,24.4595,24.425,24.46,24.355,0.26
2022-11-15,24.455,24.4598,24.48,24.38,-0.02
2022-11-16,24.485,24.46,24.515,24.405,0.12
2022-11-17,24.515,24.46,24.52,24.435,0.12
2022-11-18,24.515,24.515,24.515,24.515,0.0
2022-11-19,24.515,24.515,24.515,24.515,0.0
2022-11-20,24.47,24.5,24.5624,24.445,-0.18
2022-11-21,24.525,24.47,24.56,24.44,0.22
2022-11-22,24.51,24.51,24.565,24.475,-0.06
2022-11-23,24.555,24.51,24.585,24.485,0.18
2022-11-24,24.575,24.54,24.585,24.505,0.08
2022-11-25,24.575,24.575,24.575,24.575,0.0
2022-11-26,24.575,24.575,24.575,24.575,0.0
2022-11-27,24.53,24.54,24.585,24.505,-0.18
2022-11-28,24.57,24.54,24.605,24.505,0.16
2022-11-29,24.55,24.555,24.605,24.525,-0.08
2022-11-30,24.55,24.555,24.605,24.525,0.0
2022-12-01,24.565,24.555,24.63,24.525,0.06
2022-12-02,24.565,24.565,24.565,24.565,0.0
2022-12-03,24.565,24.565,24.565,24.565,0.0
2022-12-04,24.6099,24.57,24.6155,24.51,0.18
2022-12-05,24.56,24.58,24.6155,24.535,-0.2
2022-12-06,24.6,24.5863,24.695,24.535,0.16
2022-12-07,24.645,24.565,24.675,24.55,0.18
2022-12-08,24.6,24.595,24.655,24.565,-0.18
2022-12-09,24.6,24.6,24.6,24.6,0.0
2022-12-10,24.6,24.6,24.6,24.6,0.0
2022-12-11,24.6,24.59,24.6499,24.565,0.0
2022-12-12,24.655,24.59,24.6799,24.565,0.22
2022-12-13,24.655,24.595,24.6799,24.585,0.0
2022-12-14,24.715,24.63,24.7199,24.585,0.24
2022-12-15,24.685,24.67,24.7199,24.625,-0.12
2022-12-16,24.685,24.685,24.685,24.685,0.0
2022-12-17,24.685,24.685,24.685,24.685,0.0
2022-12-18,24.7199,24.685,24.7199,24.62,0.14
2022-12-19,24.735,24.67,24.7499,24.63,0.06
2022-12-20,24.7,24.695,24.755,24.655,-0.14
2022-12-21,24.735,24.695,24.7499,24.665,0.14
2022-12-22,24.7499,24.665,24.7499,24.665,0.06
2022-12-23,24.7499,24.7499,24.7499,24.7499,0.0
2022-12-24,24.7499,24.7499,24.7499,24.7499,0.0
2022-12-25,24.7498,24.715,24.7499,24.605,0.0
2022-12-26,24.7498,24.695,24.7499,24.665,0.0
2022-12-27,24.7,24.695,24.7499,24.63,-0.2
2022-12-28,24.7698,24.725,24.775,24.665,0.28
2022-12-29,24.755,24.73,24.77,24.68,-0.06
2022-12-30,24.755,24.755,24.755,24.755,0.0
2022-12-31,24.755,24.755,24.755,24.755,0.0
2023-01-01,24.755,24.755,24.755,24.755,0.0
2023-01-02,24.72,24.72,24.77,24.68,-0.14
2023-01-03,24.775,24.715,24.82,24.685,0.22
2023-01-04,26.45,24.735,26.6,24.705,6.76
2023-01-05,27.2,26.5,27.25,26.275,2.84
2023-01-06,27.2,27.2,27.2,27.2,0.0
2023-01-07,27.2,27.2,27.2,27.2,0.0
2023-01-08,27.2,27.2,27.2,27.2,0.0
2023-01-09,27.6,27.225,27.725,27.05,1.47
2023-01-10,27.675,27.525,27.73,27.45,0.27
2023-01-11,29.7,27.65,32.2,27.55,7.32
2023-01-12,29.55,29.65,30.69,29.35,-0.51
2023-01-13,29.55,29.55,29.55,29.55,0.0
2023-01-14,29.55,29.55,29.55,29.55,0.0
2023-01-15,29.6488,29.525,29.675,29.45,0.33
2023-01-16,29.65,29.525,29.6925,29.35,0.0
2023-01-17,29.58,29.65,29.775,29.48,-0.24
2023-01-18,29.65,29.58,29.71,29.48,0.24
2023-01-19,29.84,29.55,29.895,29.55,0.64
2023-01-20,29.84,29.84,29.84,29.84,0.0
2023-01-21,29.84,29.84,29.84,29.84,0.0
2023-01-22,29.89,29.84,29.9105,29.74,0.17
2023-01-23,29.87,29.84,29.93,29.74,-0.07
2023-01-24,29.845,29.87,29.94,29.77,-0.08
2023-01-25,29.89,29.89,29.94,29.79,0.15
2023-01-26,29.89,29.89,29.89,29.89,0.0
2023-01-27,29.89,29.89,29.89,29.89,0.0
2023-01-28,29.89,29.89,29.89,29.89,0.0
2023-01-29,29.94,29.89,29.94,29.79,0.17
2023-01-30,30.085,29.89,30.1,29.83,0.48
2023-01-31,30.18,30.05,30.265,29.95,0.32
2023-02-01,30.2,30.165,30.25,30.065,0.07
2023-02-02,30.28,30.2,30.3299,30.1,0.26
2023-02-03,30.265,30.28,30.28,30.265,-0.05
2023-02-04,30.28,30.28,30.28,30.28,0.05
2023-02-05,30.28,30.265,30.3299,30.18,0.0
2023-02-06,30.2,30.265,30.35,30.18,-0.26
2023-02-07,30.3,30.285,30.35,30.2,0.33
2023-02-08,30.37,30.285,30.42,30.2,0.23
2023-02-09,30.5,30.355,30.55,30.27,0.43
2023-02-10,30.5,30.5,30.5,30.5,0.0
2023-02-11,30.5,30.5,30.5,30.5,0.0
2023-02-12,30.53,30.5,30.5799,30.4,0.1
2023-02-13,30.525,30.515,30.6,30.43,-0.02
2023-02-14,30.59,30.535,30.62,30.45,0.21
2023-02-15,30.545,30.555,30.62,30.47,-0.15
2023-02-16,30.57,30.555,30.62,30.47,0.08
2023-02-17,30.555,30.555,30.555,30.555,-0.05
2023-02-18,30.57,30.57,30.57,30.57,0.05
2023-02-19,30.62,30.57,30.62,30.47,0.16
2023-02-20,30.565,30.555,30.635,30.47,-0.18
2023-02-21,30.6,30.565,30.6499,30.48,0.11
2023-02-22,30.63,30.585,30.68,30.5,0.1
2023-02-23,30.63,30.615,30.68,30.53,0.0
2023-02-24,30.63,30.63,30.63,30.63,0.0
2023-02-25,30.63,30.63,30.63,30.63,0.0
2023-02-26,30.63,30.615,30.68,30.53,0.0
2023-02-27,30.63,30.615,30.68,30.53,0.0
2023-02-28,30.63,30.68,30.68,30.53,0.0
2023-03-01,30.63,30.615,30.68,30.53,0.0
2023-03-02,30.77,30.53,30.78,30.53,0.46
2023-03-03,30.77,30.77,30.77,30.77,0.0
2023-03-04,30.77,30.77,30.77,30.77,0.0
2023-03-05,30.745,30.77,30.77,30.62,-0.08
2023-03-06,30.8299,30.705,30.8299,30.62,0.28
2023-03-07,30.73,30.68,30.88,30.655,-0.32
2023-03-08,30.88,30.73,30.93,30.73,0.49
2023-03-09,30.9,30.88,30.95,30.78,0.06
2023-03-10,30.9,30.9,30.9,30.9,0.0
2023-03-11,30.9,30.9,30.9,30.9,0.0
2023-03-12,30.95,30.9,30.95,30.76,0.16
2023-03-13,30.9,30.9,30.95,30.8,-0.16
2023-03-14,30.9,30.9,30.95,30.8,0.0
2023-03-15,30.9,30.9,30.95,30.8,0.0
2023-03-16,30.8,30.9,30.955,30.8,-0.32
2023-03-17,30.8,30.8,30.8,30.8,0.0
2023-03-18,30.8,30.8,30.8,30.8,0.0
2023-03-19,30.95,30.9,30.95,30.8,0.49
2023-03-20,30.9,30.9,30.955,30.8,-0.16
2023-03-21,30.9,30.95,30.95,30.9,0.0
2023-03-22,30.9,30.9,30.95,30.8,0.0
2023-03-23,30.95,30.95,30.95,30.8,0.16
2023-03-24,30.9,30.9,30.9,30.9,-0.16
2023-03-25,30.9,30.9,30.9,30.9,0.0
2023-03-26,30.9,30.8,30.95,30.8,0.0
2023-03-27,30.9,30.9,30.95,30.8,0.0
2023-03-28,30.9,30.9,30.95,30.8,0.0
2023-03-29,30.8,30.9,30.95,30.8,-0.32
2023-03-30,30.9,30.9,30.95,30.8,0.32
2023-03-31,30.8,30.8,30.8,30.8,-0.32
2023-04-01,30.8,30.8,30.8,30.8,0.0
2023-04-02,30.9,30.915,30.95,30.8,0.32
2023-04-03,30.9,30.8,30.95,30.8,0.0
2023-04-04,30.9,30.9,30.955,30.8,0.0
2023-04-05,30.9,30.9,30.96,30.8,0.0
2023-04-06,30.9,30.9,30.95,30.8,0.0
2023-04-07,30.9,30.9,30.9,30.9,0.0
2023-04-08,30.9,30.9,30.9,30.9,0.0
2023-04-09,30.9,30.9,30.95,30.78,0.0
2023-04-10,30.9,30.9,30.95,30.8,0.0
2023-04-11,30.8,30.9,30.95,30.8,-0.32
2023-04-12,30.9,30.9,30.95,30.8,0.32
2023-04-13,30.9,30.91,30.95,30.8,0.0
2023-04-14,30.9,30.9,30.9,30.9,0.0
2023-04-15,30.9,30.9,30.9,30.9,0.0
2023-04-16,30.9,30.9,30.9,30.9,0.0
2023-04-17,30.9,30.9,30.9,30.9,0.0
2023-04-18,30.9,30.9,30.95,30.8,0.0
2023-04-19,30.9,30.9163,30.95,30.8,0.0
2023-04-20,30.9,30.9,30.9,30.9,0.0
2023-04-21,30.9,30.9,30.9,30.9,0.0
2023-04-22,30.9,30.9,30.9,30.9,0.0
2023-04-23,30.9,30.9,30.9,30.9,0.0
2023-04-24,30.9,30.9,30.9,30.9,0.0
2023-04-25,30.9,30.9,30.9,30.9,0.0
2023-04-26,30.95,30.9,30.95,30.8,0.16
2023-04-27,30.9,30.9,30.95,30.8,-0.16
2023-04-28,30.9,30.9,30.9,30.9,0.0
2023-04-29,30.9,30.9,30.9,30.9,0.0
2023-04-30,30.9,30.9,30.95,30.8,0.0
2023-05-01,30.9,30.9,30.95,30.8,0.0
2023-05-02,30.915,30.9,30.95,30.8,0.05
2023-05-03,30.95,30.9,30.95,30.8,0.11
2023-05-04,30.95,30.95,30.95,30.95,0.0
2023-05-05,30.8,30.8,30.8,30.8,-0.48
2023-05-06,30.8,30.8,30.8,30.8,0.0
2023-05-07,30.9,30.9,30.95,30.8,0.32
2023-05-08,30.9,30.9,30.95,30.8,0.0
2023-05-09,30.9,30.9,30.95,30.8,0.0
2023-05-10,30.9,30.9153,30.95,30.8,0.0
2023-05-11,30.9,30.9,30.95,30.8,0.0
2023-05-12,30.9,30.9,30.9,30.9,0.0
2023-05-13,30.9,30.9,30.9,30.9,0.0
2023-05-14,30.9,30.9,30.95,30.8,0.0
2023-05-15,30.9,30.9,30.95,30.8,0.0
2023-05-16,30.9,30.9,30.95,30.8,0.0
2023-05-17,30.9,30.9,30.95,30.8,0.0
2023-05-18,30.9,30.9,30.95,30.8,0.0
2023-05-19,30.9,30.9,30.9,30.9,0.0
2023-05-20,30.9,30.9,30.9,30.9,0.0
2023-05-21,30.9,30.9,30.95,30.8,0.0
2023-05-22,30.9,30.9,30.95,30.8,0.0
2023-05-23,30.8,30.8,30.95,30.8,-0.32
2023-05-24,30.9,30.9,30.95,30.8,0.32
2023-05-25,30.9,30.9,30.95,30.8,0.0
2023-05-26,30.9,30.9,30.9,30.9,0.0
2023-05-27,30.9,30.9,30.9,30.9,0.0
2023-05-28,30.9,30.9,30.95,30.8,0.0
2023-05-29,30.9,30.9,30.95,30.8,0.0
2023-05-30,30.9,30.9,30.95,30.8,0.0
2023-05-31,30.9,30.8,30.95,30.8,0.0
2023-06-01,30.9,30.9,30.95,30.8,0.0
2023-06-02,30.9,30.9,30.9,30.9,0.0
2023-06-03,30.925,30.925,30.925,30.925,0.08
2023-06-04,30.9,30.9,30.95,30.8,-0.08
2023-06-05,30.8,30.9,30.95,30.8,-0.32
2023-06-06,30.9,30.9,30.95,30.8,0.32
2023-06-07,30.95,30.9,30.95,30.8,0.16
2023-06-08,30.95,30.8,30.95,30.8,0.0
2023-06-09,30.95,30.95,30.95,30.95,0.0
2023-06-10,30.95,30.95,30.95,30.95,0.0
2023-06-11,30.9,30.9,30.95,30.8,-0.16
2023-06-12,30.9,30.9,30.95,30.8,0.0
2023-06-13,30.9,30.9,30.95,30.8,0.0
2023-06-14,30.9,30.9,30.95,30.8,0.0
2023-06-15,30.9,30.9,30.95,30.8,0.0
2023-06-16,30.9,30.9,30.9,30.9,0.0
2023-06-17,30.9,30.9,30.9,30.9,0.0
2023-06-18,30.9,30.8,30.95,30.8,0.0
2023-06-19,30.9,30.9,30.95,30.8,0.0
2023-06-20,30.9,30.8,30.95,30.8,0.0
2023-06-21,30.9,30.9113,30.95,30.8,0.0
2023-06-22,30.915,30.9,30.95,30.8,0.05
2023-06-23,30.9,30.9,30.9,30.9,-0.05
2023-06-24,30.9,30.9,30.9,30.9,0.0
2023-06-25,30.9,30.9,30.95,30.8,0.0
2023-06-26,30.9,30.9,30.95,30.8,0.0
2023-06-27,30.9,30.9,30.9,30.9,0.0
2023-06-28,30.9,30.9,30.9,30.9,0.0
2023-06-29,30.9,30.9,30.9,30.9,0.0
2023-06-30,30.9,30.9,30.9,30.9,0.0
2023-07-01,30.9,30.9,30.9,30.9,0.0
2023-07-02,30.9,30.9,30.9,30.9,0.0
2023-07-03,30.9,30.9,30.9,30.9,0.0
2023-07-04,30.9,30.9,30.95,30.8,0.0
2023-07-05,30.9,30.9113,30.95,30.8,0.0
2023-07-06,30.9,30.95,30.95,30.8,0.0
2023-07-07,30.9,30.9,30.9,30.9,0.0
2023-07-08,30.9,30.9,30.9,30.9,0.0
2023-07-09,30.9,30.9,30.95,30.8,0.0
2023-07-10,30.9,30.9,30.95,30.8,0.0
2023-07-11,30.925,30.9,30.95,30.8,0.08
2023-07-12,30.925,30.9,30.95,30.8,0.0
2023-07-13,30.9,30.9,30.95,30.8,-0.08
2023-07-14,30.9,30.9,30.9,30.9,0.0
2023-07-15,30.9,30.9,30.9,30.9,0.0
2023-07-16,30.9,30.9,30.95,30.8,0.0
2023-07-17,30.9,30.9,30.95,30.8,0.0
2023-07-18,30.9,30.9,30.95,30.8,0.0
2023-07-19,30.8,30.9,30.95,30.8,-0.32
2023-07-20,30.8,30.8,30.8,30.8,0.0
2023-07-21,30.8,30.8,30.8,30.8,0.0
2023-07-22,30.9,30.9,30.9,30.9,0.32
2023-07-23,30.9,30.9,30.9,30.9,0.0
2023-07-24,30.9,30.9,30.95,30.8,0.0
2023-07-25,30.9,30.9,30.95,30.8,0.0
2023-07-26,30.9,30.9,30.95,30.8,0.0
2023-07-27,30.9,30.9,30.95,30.8,0.0
2023-07-28,30.9,30.9,30.9,30.9,0.0
2023-07-29,30.9,30.9,30.9,30.9,0.0
2023-07-30,30.9,30.9,30.95,30.8,0.0
2023-07-31,30.9,30.9,30.95,30.8,0.0
2023-08-01,30.9,30.9,30.95,30.8,0.0
2023-08-02,30.9,30.8,30.95,30.8,0.0
2023-08-03,30.95,30.95,30.95,30.8,0.16
2023-08-04,30.95,30.95,30.95,30.95,0.0
2023-08-05,30.95,30.95,30.95,30.95,0.0
2023-08-06,30.95,30.9,30.95,30.8,0.0
2023-08-07,30.9,30.8,30.95,30.8,-0.16
2023-08-08,30.9,30.9,30.95,30.8,0.0
2023-08-09,30.9,30.9,30.95,30.8,0.0
2023-08-10,30.9,30.8,30.95,30.8,0.0
2023-08-11,30.9,30.9,30.9,30.9,0.0
2023-08-12,30.9,30.9,30.9,30.9,0.0
2023-08-13,30.95,30.9,30.95,30.8,0.16
2023-08-14,30.9,30.9,30.95,30.8,-0.16
2023-08-15,30.9,30.9,30.95,30.8,0.0
2023-08-16,30.9,30.9,30.95,30.8,0.0
2023-08-17,30.9,30.9,30.95,30.8,0.0
2023-08-18,30.9,30.9,30.9,30.9,0.0
2023-08-19,30.9,30.9,30.9,30.9,0.0
2023-08-20,30.925,30.9,30.95,30.8,0.08
2023-08-21,30.9,30.9,30.95,30.8,-0.08
2023-08-22,30.9,30.9,30.95,30.8,0.0
2023-08-23,30.9,30.8,30.95,30.8,0.0
2023-08-24,30.9,30.9,30.95,30.8,0.0
2023-08-25,30.9,30.9,30.9,30.9,0.0
2023-08-26,30.9,30.9,30.9,30.9,0.0
2023-08-27,30.8,30.95,30.95,30.8,-0.32
2023-08-28,30.9,30.9,30.95,30.8,0.32
2023-08-29,30.95,30.9,30.95,30.8,0.16
2023-08-30,30.9,30.9,30.95,30.8,-0.16
2023-08-31,30.9,30.9,30.95,30.8,0.0
2023-09-01,30.9,30.9,30.9,30.9,0.0
2023-09-02,30.9,30.9,30.9,30.9,0.0
2023-09-03,30.95,30.9,30.95,30.8,0.16
2023-09-04,30.9,30.9,30.95,30.8,-0.16
2023-09-05,30.925,30.9,30.95,30.8,0.08
2023-09-06,30.9,30.9,30.95,30.8,-0.08
2023-09-07,30.9,30.9,30.95,30.8,0.0
2023-09-08,30.9,30.9,30.9,30.9,0.0
2023-09-09,30.9,30.9,30.9,30.9,0.0
2023-09-10,30.945,30.9,30.95,30.8,0.15
2023-09-11,30.925,30.9,30.95,30.8,-0.06
2023-09-12,30.9,30.9,30.95,30.8,-0.08
2023-09-13,30.9,30.9,30.95,30.8,0.0
2023-09-14,30.95,30.9,30.95,30.8,0.16
2023-09-15,30.95,30.95,30.95,30.95,0.0
2023-09-16,30.95,30.95,30.95,30.95,0.0
2023-09-17,30.945,30.9,30.95,30.8,-0.02
2023-09-18,30.9,30.9,30.95,30.8,-0.15
2023-09-19,30.9,30.9,30.95,30.8,0.0
2023-09-20,30.9,30.9,30.95,30.8,0.0
2023-09-21,30.9,30.9,30.95,30.8,0.0
2023-09-22,30.9,30.9,30.9,30.9,0.0
2023-09-23,30.9,30.9,30.9,30.9,0.0
2023-09-24,30.935,30.9,30.95,30.8,0.11
2023-09-25,30.925,30.9038,30.95,30.8,-0.03
2023-09-26,30.925,30.9,30.95,30.8,0.0
2023-09-27,30.9,30.9,30.95,30.8,-0.08
2023-09-28,30.9,30.9,30.9,30.9,0.0
2023-09-29,30.9,30.9,30.9,30.9,0.0
2023-09-30,30.9,30.9,30.9,30.9,0.0
2023-10-01,30.9,30.9,30.95,30.8,0.0
2023-10-02,30.925,30.9003,30.95,30.8,0.08
2023-10-03,30.925,30.9,30.95,30.8,0.0
2023-10-04,30.8,30.9,30.95,30.8,-0.4
2023-10-05,30.8,30.8,30.8,30.8,0.0
2023-10-06,30.8,30.8,30.8,30.8,0.0
2023-10-07,30.8,30.8,30.8,30.8,0.0
2023-10-08,30.9,30.9,30.95,30.8,0.32
2023-10-09,30.9,30.935,30.95,30.8,0.0
2023-10-10,30.9,30.9003,30.95,30.8,0.0
2023-10-11,30.925,30.9,30.95,30.8,0.08
2023-10-12,30.9,30.9,30.95,30.8,-0.08
2023-10-13,30.9,30.9,30.9,30.9,0.0
2023-10-14,30.9,30.9,30.9,30.9,0.0
2023-10-15,30.9,30.9,30.95,30.8,0.0
2023-10-16,30.925,30.9003,30.95,30.8,0.08
2023-10-17,30.9,30.9,30.95,30.8,-0.08
2023-10-18,30.925,30.9,30.95,30.9,0.08
2023-10-19,30.9,30.9,30.95,30.8,-0.08
2023-10-20,30.9,30.9,30.9,30.9,0.0
2023-10-21,30.9,30.9,30.9,30.9,0.0
2023-10-22,30.9,30.9,30.95,30.8,0.0
2023-10-23,30.9,30.9,30.95,30.8,0.0
2023-10-24,30.925,30.9,30.95,30.8,0.08
2023-10-25,30.9,30.9,30.95,30.9,-0.08
2023-10-26,30.9,30.9,30.95,30.8,0.0
2023-10-27,30.9,30.9,30.9,30.9,0.0
2023-10-28,30.9,30.9,30.9,30.9,0.0
2023-10-29,30.9,30.9,30.95,30.8,0.0
2023-10-30,30.9,30.9,30.95,30.8,0.0
2023-10-31,30.925,30.9,30.95,30.8,0.08
2023-11-01,30.9,30.95,30.95,30.8,-0.08
2023-11-02,30.9,30.9,30.95,30.8,0.0
2023-11-03,30.9,30.9,30.9,30.9,0.0
2023-11-04,30.9,30.9,30.9,30.9,0.0
2023-11-05,30.9,30.9,30.95,30.8,0.0
2023-11-06,30.9,30.9,30.95,30.8,0.0
2023-11-07,30.8,30.9,30.95,30.8,-0.32
2023-11-08,30.9,30.9,30.95,30.8,0.32
2023-11-09,30.9,30.9,30.95,30.8,0.0
2023-11-10,30.9,30.9,30.9,30.9,0.0
2023-11-11,30.9,30.9,30.9,30.9,0.0
2023-11-12,30.9,30.9,30.95,30.8,0.0
2023-11-13,30.9,30.9,30.95,30.8,0.0
2023-11-14,30.9,30.9,30.95,30.8,0.0
2023-11-15,30.925,30.9,30.95,30.8,0.08
2023-11-16,30.925,30.9,30.95,30.8,0.0
2023-11-17,30.925,30.925,30.925,30.925,0.0
2023-11-18,30.925,30.925,30.925,30.925,0.0
2023-11-19,30.9,30.9,30.95,30.8,-0.08
2023-11-20,30.935,30.9,30.95,30.9,0.11
2023-11-21,30.9,30.9,30.95,30.8,-0.11
2023-11-22,30.9,30.9,30.95,30.8,0.0
2023-11-23,30.9,30.9,30.95,30.8,0.0
2023-11-24,30.9,30.9,30.9,30.9,0.0
2023-11-25,30.9,30.9,30.9,30.9,0.0
2023-11-26,30.9,30.9,30.95,30.8,0.0
2023-11-27,30.9,30.9,30.95,30.8,0.0
2023-11-28,30.925,30.9,30.95,30.8,0.08
2023-11-29,30.95,30.9,30.95,30.8,0.08
2023-11-30,30.9,30.9,30.95,30.8,-0.16
2023-12-01,30.9,30.9,30.9,30.9,0.0
2023-12-02,30.9,30.9,30.9,30.9,0.0
2023-12-03,30.9,30.9,30.95,30.8,0.0
2023-12-04,30.925,30.9,30.95,30.8,0.08
2023-12-05,30.8,30.9,30.95,30.8,-0.4
2023-12-06,30.95,30.9,30.95,30.8,0.49
2023-12-07,30.9,30.9,30.95,30.9,-0.16
2023-12-08,30.9,30.9,30.9,30.9,0.0
2023-12-09,30.9,30.9,30.9,30.9,0.0
2023-12-10,30.9,30.9,30.95,30.8,0.0
2023-12-11,30.925,30.9,30.95,30.8,0.08
2023-12-12,30.925,30.9,30.95,30.8,0.0
2023-12-13,30.9,30.9,30.95,30.8,-0.08
2023-12-14,30.925,30.9,30.95,30.8,0.08
2023-12-15,30.925,30.925,30.925,30.925,0.0
2023-12-16,30.925,30.925,30.925,30.925,0.0
2023-12-17,30.935,30.9,30.95,30.8,0.03
2023-12-18,30.9,30.9,30.95,30.8,-0.11
2023-12-19,30.925,30.9,30.95,30.8,0.08
2023-12-20,30.9,30.9,30.95,30.8,-0.08
2023-12-21,30.9,30.9,30.95,30.8,0.0
2023-12-22,30.9,30.9,30.9,30.9,0.0
2023-12-23,30.9,30.9,30.9,30.9,0.0
2023-12-24,30.9,30.9,30.95,30.8,0.0
2023-12-25,30.95,30.9,30.95,30.8,0.16
2023-12-26,30.9,30.9,30.95,30.8,-0.16
2023-12-27,30.8,30.9,30.95,30.8,-0.32
2023-12-28,30.925,30.9,30.95,30.8,0.41
2023-12-29,30.925,30.925,30.925,30.925,0.0
2023-12-30,30.925,30.925,30.925,30.925,0.0
2024-01-01,30.9,30.9,30.9,30.9,-0.08
2024-01-02,30.925,30.9,30.95,30.8,0.08
2024-01-03,30.925,30.9,30.95,30.8,0.0
2024-01-04,30.8,30.9,30.95,30.8,-0.4
2024-01-05,30.8,30.8,30.8,30.8,0.0
2024-01-06,30.8,30.8,30.8,30.8,0.0
2024-01-08,30.9,30.9,30.95,30.8,0.32
2024-01-09,30.9,30.9,30.95,30.8,0.0
2024-01-10,30.9,30.9,30.95,30.8,0.0
2024-01-11,30.9,30.9,30.95,30.8,0.0
2024-01-12,30.9,30.9,30.9,30.9,0.0
2024-01-13,30.9,30.9,30.9,30.9,0.0
2024-01-15,30.94,30.9,30.95,30.8,0.13
2024-01-16,30.9,30.9,30.95,30.8,-0.13
2024-01-17,30.9,30.9,30.95,30.8,0.0
2024-01-18,30.9,30.9,30.95,30.8,0.0
2024-01-19,30.9,30.9,30.9,30.9,0.0
2024-01-20,30.9,30.9,30.9,30.9,0.0
2024-01-22,30.9,30.9,30.95,30.8,0.0
2024-01-23,30.9,30.9,30.95,30.8,0.0
2024-01-24,30.9,30.9,30.95,30.8,0.0
2024-01-25,30.9,30.9,30.9,30.9,0.0
2024-01-26,30.9,30.9,30.9,30.9,0.0
2024-01-27,30.9,30.9,30.9,30.9,0.0
2024-01-29,30.9,30.9,30.95,30.9,0.0
2024-01-30,30.94,30.9,30.95,30.8,0.13
2024-01-31,30.9,30.9,30.95,30.8,-0.13
2024-02-01,30.9,30.9,30.95,30.8,0.0
2024-02-02,30.9,30.9,30.9,30.9,0.0
2024-02-03,30.9,30.9,30.9,30.9,0.0
2024-02-05,30.9,30.9,30.95,30.8,0.0
2024-02-06,30.9,30.9003,30.95,30.8,0.0
2024-02-07,30.9,30.9,30.95,30.8,0.0
2024-02-08,30.9,30.9,30.95,30.8,0.0
2024-02-09,30.9,30.9,30.9,30.9,0.0
2024-02-10,30.9,30.9,30.9,30.9,0.0
2024-02-12,30.9,30.9,30.95,30.8,0.0
2024-02-13,30.9,30.9,30.95,30.8,0.0
2024-02-14,30.9,30.9,30.95,30.8,0.0
2024-02-15,30.9,30.9,30.95,30.8,0.0
2024-02-16,30.9,30.9,30.9,30.9,0.0
2024-02-17,30.9,30.9,30.9,30.9,0.0
2024-02-19,30.9,30.9003,30.95,30.8,0.0
2024-02-20,30.94,30.9,30.95,30.8,0.13
2024-02-21,30.9,30.9,30.95,30.8,-0.13
2024-02-22,30.9,30.9,30.95,30.8,0.0
2024-02-23,30.9,30.9,30.9,30.9,0.0
2024-02-24,30.9,30.9,30.9,30.9,0.0
2024-02-26,30.94,30.9,30.95,30.8,0.13
2024-02-27,30.9,30.9,30.95,30.8,-0.13
2024-02-28,30.94,30.9,30.95,30.8,0.13
2024-02-29,30.9,30.9,30.95,30.8,-0.13
2024-03-01,30.9,30.9,30.9,30.9,0.0
2024-03-02,30.9,30.9,30.9,30.9,0.0
2024-03-04,30.9,30.9,30.95,30.8,0.0
2024-03-05,30.9,30.9,30.95,30.8,0.0
2024-03-06,49.55,30.9,50.8,30.8,60.36
2024-03-07,49.35,49.6,49.65,49.3,-0.4
2024-03-08,49.4,49.4,49.4,49.4,0.1
2024-03-09,49.4,49.4,49.4,49.4,0.0
2024-03-11,49.05,49.15,49.3,48.95,-0.71
2024-03-12,48.8,49.0,49.18,48.7,-0.51
2024-03-13,48.45,48.9,49.05,48.31,-0.72
2024-03-14,47.8,48.45,48.57,47.75,-1.34
2024-03-15,47.8,47.8,47.8,47.8,0.0
2024-03-16,47.8,47.8,47.85,47.8,0.0
2024-03-18,47.11,47.25,47.42,47.05,-1.44
2024-03-19,47.05,47.15,47.29,46.95,-0.13
2024-03-20,46.9,47.05,47.2,46.85,-0.32
2024-03-21,46.65,46.9,47.09,46.57,-0.53
2024-03-22,46.75,46.75,46.75,46.75,0.21
2024-03-23,46.75,46.75,46.75,46.75,0.0
2024-03-25,47.4,46.69,47.55,46.49,1.39
2024-03-26,47.82,47.5,47.95,47.35,0.89
2024-03-27,47.25,47.88,47.9,47.18,-1.19
2024-03-28,47.4,47.38,47.5,47.05,0.32
2024-03-29,47.4,47.4,47.4,47.4,0.0
2024-03-30,47.4,47.4,47.4,47.4,0.0
2024-04-01,47.15,47.23,47.35,47.09,-0.53
2024-04-02,47.16,47.3,47.3,47.06,0.02
2024-04-03,47.35,47.2,47.7,47.1,0.4
2024-04-04,47.35,47.4,47.51,47.27,0.0
2024-04-05,47.38,47.38,47.38,47.38,0.06
2024-04-06,47.38,47.38,47.38,47.38,0.0
2024-04-08,47.55,47.55,47.8,47.45,0.36
2024-04-09,47.55,47.55,47.55,47.55,0.0
2024-04-10,47.55,47.55,47.55,47.55,0.0
2024-04-11,47.55,47.55,47.55,47.55,0.0
2024-04-12,47.58,47.55,47.58,47.55,0.06
2024-04-13,47.58,47.58,47.58,47.58,0.0
2024-04-15,48.25,47.58,48.75,47.48,1.41
2024-04-16,48.5,48.29,48.755,48.245,0.52
2024-04-17,48.5,48.55,48.88,48.45,0.0
2024-04-18,48.33,48.5,48.62,48.23,-0.35
2024-04-19,48.33,48.33,48.33,48.33,0.0
2024-04-20,48.33,48.33,48.33,48.33,0.0
2024-04-22,48.17,48.37,48.47,48.03,-0.33
2024-04-23,48.05,48.15,48.25,47.98,-0.25
2024-04-24,47.9,48.05,48.15,47.8,-0.31
2024-04-25,47.9,47.9,47.9,47.9,0.0
2024-04-26,47.9,47.9,47.9,47.9,0.0
2024-04-27,47.9,47.9,47.9,47.9,0.0
2024-04-29,47.85,47.745,48.02,47.535,-0.1
2024-04-30,47.85,47.92,48.0,47.75,0.0
2024-05-01,47.88,47.85,48.07,47.72,0.06
2024-05-02,47.95,47.88,48.15,47.76,0.15
2024-05-03,47.95,47.95,47.95,47.95,0.0
2024-05-04,47.95,47.95,47.95,47.95,0.0
2024-05-06,47.95,47.95,47.95,47.95,0.0
2024-05-07,47.72,47.94,48.0528,47.62,-0.48
2024-05-08,47.55,47.72,47.82,47.4893,-0.36
2024-05-09,47.4,47.55,47.65,47.2,-0.32
2024-05-10,47.4,47.4,47.4,47.4,0.0
2024-05-11,47.4,47.4,47.4,47.4,0.0
2024-05-13,47.07,47.28,47.38,46.9625,-0.7
2024-05-14,46.85,47.07,47.17,46.8,-0.47
2024-05-15,46.83,46.89,46.99,46.745,-0.04
2024-05-16,46.91,46.88,47.59,46.765,0.17
2024-05-17,46.91,46.91,46.91,46.91,0.0
2024-05-18,46.91,46.91,46.91,46.91,0.0
2024-05-20,46.64,46.85,46.95,46.54,-0.58
2024-05-21,46.73,46.64,46.75,46.52,0.19
2024-05-22,46.79,46.65,46.89,46.55,0.13
2024-05-23,47.15,46.79,47.35,46.69,0.77
2024-05-24,47.15,47.15,47.15,47.15,0.0
2024-05-25,47.15,47.15,47.15,47.15,0.0
2024-05-27,47.17,46.95,47.27,46.85,0.04
2024-05-28,47.6,47.17,47.65,47.1,0.91
2024-05-29,47.3,47.51,47.61,47.23,-0.63
2024-05-30,47.25,47.4,47.4,47.13,-0.11
2024-05-31,47.27,47.27,47.27,47.27,0.04
2024-06-01,47.27,47.27,47.27,47.27,0.0
2024-06-03,47.1,47.32,47.42,47.05,-0.36
2024-06-04,47.45,47.1,47.52,47.05,0.74
2024-06-05,47.6,47.45,47.72,47.32,0.32
2024-06-06,47.51,47.62,47.75,47.45,-0.19
2024-06-07,47.53,47.53,47.53,47.53,0.04
2024-06-08,47.53,47.53,47.53,47.53,0.0
2024-06-10,47.7,47.59,47.81,47.53,0.36
2024-06-11,47.56,47.7,47.8,47.535,-0.29
2024-06-12,47.69,47.56,47.7555,47.545,0.27
2024-06-13,47.71,47.69,47.83,47.6,0.04
2024-06-14,47.71,47.71,47.71,47.71,0.0
2024-06-15,47.71,47.71,47.71,47.71,0.0
2024-06-17,47.71,47.71,47.71,47.71,0.0
2024-06-18,47.71,47.71,47.71,47.71,0.0
2024-06-19,47.71,47.71,47.71,47.71,0.0
2024-06-20,47.71,47.71,47.71,47.71,0.0
2024-06-21,47.71,47.71,47.71,47.71,0.0
2024-06-22,47.71,47.71,47.71,47.71,0.0
2024-06-24,48.32,48.15,48.6,48.105,1.28
2024-06-25,48.38,48.3,48.4505,48.135,0.12
2024-06-26,48.05,48.36,48.84,48.0,-0.68
2024-06-27,48.03,48.01,48.205,47.92,-0.04
2024-06-28,48.03,48.03,48.03,48.03,0.0
2024-06-29,48.03,48.03,48.03,48.03,0.0
2024-07-01,48.3,48.03,48.3038,48.0,0.56
2024-07-02,48.16,48.25,48.305,48.1,-0.29
2024-07-03,48.14,48.16,48.245,48.1,-0.04
2024-07-04,47.99,48.14,48.19,47.86,-0.31
2024-07-05,47.99,47.99,47.99,47.99,0.0
2024-07-06,47.99,47.99,47.99,47.99,0.0
2024-07-08,47.93,47.95,48.03,47.8988,-0.13
2024-07-09,48.07,47.93,48.155,47.92,0.29
2024-07-10,48.0,48.08,48.2325,47.945,-0.15
2024-07-11,48.0,48.0,48.0,48.0,0.0
2024-07-12,48.0,48.0,48.0,48.0,0.0
2024-07-13,48.0,48.0,48.0,48.0,0.0
2024-07-15,47.95,47.94,48.0125,47.825,-0.1
2024-07-16,48.04,47.93,48.13,47.93,0.19
2024-07-17,48.2,48.01,48.27,48.0,0.33
2024-07-18,48.25,48.22,48.35,48.175,0.1
2024-07-19,48.25,48.25,48.25,48.25,0.0
2024-07-20,48.25,48.25,48.25,48.25,0.0
2024-07-22,48.41,48.39,48.4775,48.25,0.33
2024-07-23,48.36,48.4,48.47,48.335,-0.1
2024-07-24,48.34,48.37,48.4295,48.32,-0.04
2024-07-25,48.34,48.34,48.34,48.34,0.0
2024-07-26,48.34,48.34,48.36,48.34,0.0
2024-07-27,48.34,48.34,48.34,48.34,0.0
2024-07-29,48.32,48.33,48.4385,48.275,-0.04
2024-07-30,48.44,48.31,48.4575,48.275,0.25
2024-07-31,48.56,48.39,48.675,48.33,0.25
2024-08-01,48.69,48.56,48.75,48.55,0.27
2024-08-02,48.67,48.67,48.67,48.67,-0.04
2024-08-03,48.67,48.67,48.67,48.67,0.0
2024-08-05,49.25,48.75,49.5713,48.75,1.19
2024-08-06,49.2,49.25,49.285,49.185,-0.1
2024-08-07,49.27,49.2,49.34,49.185,0.14
2024-08-08,49.25,49.21,49.315,49.185,-0.04
2024-08-09,49.25,49.25,49.25,49.25,0.0
2024-08-10,49.25,49.25,49.25,49.25,0.0
2024-08-12,49.32,49.25,49.3713,49.225,0.14
2024-08-13,49.38,49.31,49.435,49.285,0.12
2024-08-14,49.1,49.36,49.52,49.07,-0.57
2024-08-15,48.92,49.1,49.15,48.85,-0.37
2024-08-16,48.9,48.9,48.9,48.9,-0.04
2024-08-17,48.9,48.9,48.9,48.9,0.0
2024-08-19,48.78,48.81,48.91,48.75,-0.25
2024-08-20,48.9,48.79,48.9133,48.67,0.25
2024-08-21,48.79,48.85,48.93,48.765,-0.22
2024-08-22,48.78,48.79,48.85,48.745,-0.02
2024-08-23,48.78,48.78,48.78,48.78,0.0
2024-08-24,48.78,48.78,48.78,48.78,0.0
2024-08-26,48.73,48.78,48.848,48.679,-0.1
2024-08-27,48.7,48.73,48.78,48.6248,-0.06
2024-08-28,48.66,48.69,48.76,48.6125,-0.08
2024-08-29,48.62,48.65,48.7195,48.5775,-0.08
2024-08-30,48.62,48.62,48.62,48.62,0.0
2024-08-31,48.62,48.62,48.62,48.62,0.0
2024-09-02,48.54,48.57,48.635,48.48,-0.16
2024-09-03,48.5,48.52,48.59,48.425,-0.08
2024-09-04,48.48,48.49,48.5775,48.45,-0.04
2024-09-05,48.44,48.49,48.57,48.3875,-0.08
2024-09-06,48.44,48.44,48.44,48.44,0.0
2024-09-07,48.44,48.44,48.44,48.44,0.0
2024-09-09,48.35,48.4,48.445,48.25,-0.19
2024-09-10,48.36,48.35,48.4025,48.25,0.02
2024-09-11,48.3738,48.36,48.48,48.32,0.03
2024-09-12,48.415,48.37,48.515,48.35,0.09
2024-09-13,48.415,48.415,48.435,48.41,0.0
2024-09-14,48.415,48.415,48.415,48.415,0.0
2024-09-16,48.43,48.42,48.48,48.33,0.03
2024-09-17,48.4,48.43,48.5,48.32,-0.06
2024-09-18,48.53,48.42,48.6163,48.4,0.27
2024-09-19,48.53,48.53,48.605,48.45,0.0
2024-09-20,48.51,48.51,48.51,48.51,-0.04
2024-09-21,48.51,48.51,48.51,48.51,0.0
2024-09-23,48.66,48.56,48.73,48.5475,0.31
2024-09-24,48.705,48.67,48.7603,48.62,0.09
2024-09-25,48.55,48.69,48.7675,48.5,-0.32
2024-09-26,48.37,48.55,48.71,48.32,-0.37
2024-09-27,48.36,48.36,48.36,48.36,-0.02
2024-09-28,48.36,48.36,48.36,48.36,0.0
2024-09-30,48.28,48.41,48.465,48.2363,-0.17
2024-10-01,48.23,48.28,48.35,48.1912,-0.1
2024-10-02,48.37,48.26,48.44,48.225,0.29
2024-10-03,48.35,48.37,48.405,48.295,-0.04
2024-10-04,48.34,48.34,48.34,48.34,-0.02
2024-10-05,48.34,48.34,48.34,48.34,0.0
2024-10-07,48.4,48.34,48.4725,48.25,0.12
2024-10-08,48.6,48.4,48.61,48.3975,0.41
2024-10-09,48.5,48.56,48.63,48.4,-0.21
2024-10-10,48.58,48.5,48.6155,48.495,0.16
2024-10-11,48.58,48.58,48.58,48.58,0.0
2024-10-12,48.58,48.58,48.58,48.58,0.0
2024-10-14,48.6,48.55,48.6575,48.545,0.04
2024-10-15,48.55,48.6,48.65,48.485,-0.1
2024-10-16,48.59,48.55,48.66,48.5388,0.08
2024-10-17,48.63,48.59,48.7087,48.55,0.08
2024-10-18,48.63,48.63,48.63,48.63,0.0
2024-10-19,48.63,48.63,48.63,48.63,0.0
2024-10-21,48.67,48.63,48.685,48.54,0.08
2024-10-22,48.705,48.64,48.73,48.56,0.07
2024-10-23,48.755,48.67,48.77,48.55,0.1
2024-10-24,48.78,48.71,48.8263,48.7098,0.05
2024-10-25,48.78,48.78,48.78,48.78,0.0
2024-10-26,48.78,48.78,48.78,48.78,0.0
2024-10-28,48.7,48.74,48.8,48.625,-0.16
2024-10-29,48.71,48.69,48.8,48.63,0.02
2024-10-30,48.74,48.69,48.8153,48.685,0.06
2024-10-31,48.95,48.74,49.0,48.7,0.43
2024-11-01,48.93,48.93,48.93,48.93,-0.04
2024-11-02,48.93,48.93,48.93,48.93,0.0
2024-11-04,49.06,48.98,49.2,48.9,0.27
2024-11-05,49.12,49.08,49.18,49.05,0.12
2024-11-06,49.24,49.15,49.2745,49.12,0.24
2024-11-07,49.27,49.22,49.335,49.2,0.06
2024-11-08,49.3,49.3,49.3,49.3,0.06
2024-11-09,49.3,49.3,49.3,49.3,0.0
2024-11-11,49.23,49.23,49.3195,49.1775,-0.14
2024-11-12,49.21,49.23,49.2475,49.1625,-0.04
2024-11-13,49.325,49.21,49.3475,49.195,0.23
2024-11-14,49.36,49.31,49.42,49.2,0.07
2024-11-15,49.36,49.36,49.36,49.36,0.0
2024-11-16,49.36,49.36,49.36,49.36,0.0
2024-11-18,49.45,49.37,49.52,49.35,0.18
2024-11-19,49.545,49.45,49.6,49.35,0.19
2024-11-20,49.72,49.54,49.79,49.51,0.35
2024-11-21,49.67,49.73,49.98,49.64,-0.1
2024-11-22,49.67,49.73,49.73,49.67,0.0
2024-11-23,49.67,49.67,49.67,49.67,0.0
2024-11-25,49.62,49.65,49.715,49.555,-0.1
2024-11-26,49.625,49.61,49.665,49.55,0.01
2024-11-27,49.67,49.58,49.7013,49.55,0.09
2024-11-28,49.59,49.65,49.7413,49.51,-0.16
2024-11-29,49.59,49.59,49.59,49.59,0.0
2024-11-30,49.59,49.59,49.59,49.59,0.0
2024-12-02,49.72,49.59,49.795,49.565,0.26
2024-12-03,49.745,49.72,49.78,49.605,0.05
2024-12-04,49.81,49.74,49.875,49.7175,0.13
2024-12-05,49.98,49.83,50.025,49.81,0.34
2024-12-06,49.98,49.98,49.98,49.98,0.0
2024-12-07,49.98,49.98,49.98,49.98,0.0
2024-12-09,50.5,50.23,50.7603,50.2,1.04
2024-12-10,50.45,50.52,50.55,50.39,-0.1
2024-12-11,50.64,50.45,50.685,50.445,0.38
2024-12-12,50.82,50.65,50.93,50.615,0.36
2024-12-13,50.82,50.82,50.82,50.82,0.0
2024-12-14,50.82,50.82,50.82,50.82,0.0
2024-12-16,50.8,50.8,50.91,50.755,-0.04
2024-12-17,50.78,50.8,50.9575,50.75,-0.04
2024-12-18,50.85,50.79,50.925,50.78,0.14
2024-12-19,50.92,50.87,50.9625,50.8,0.14
2024-12-20,50.91,50.91,50.91,50.91,-0.02
2024-12-21,50.91,50.91,50.91,50.91,0.0
2024-12-23,51.08,50.92,51.1,50.8995,0.33
2024-12-24,50.9,51.06,51.175,50.89,-0.35
2024-12-25,50.91,50.9,50.9545,50.79,0.02
2024-12-26,50.87,50.89,50.945,50.8463,-0.08
2024-12-27,50.87,50.87,50.87,50.87,0.0
2024-12-28,50.87,50.87,50.87,50.87,0.0
2024-12-30,50.84,50.86,50.905,50.8075,-0.06
2024-12-31,50.84,50.84,50.8787,50.8075,0.0
2025-01-01,50.84,50.84,50.84,50.84,0.0
2025-01-02,50.78,50.83,50.875,50.7325,-0.12
2025-01-03,50.78,50.78,50.78,50.78,0.0
2025-01-04,50.78,50.78,50.78,50.78,0.0
2025-01-06,50.65,50.7,50.8,50.55,-0.26
2025-01-07,50.65,50.65,50.65,50.65,0.0
2025-01-08,50.6,50.65,50.685,50.56,-0.1
2025-01-09,50.5595,50.6,50.66,50.55,-0.08
2025-01-10,50.5595,50.5595,50.56,50.5595,0.0
2025-01-11,50.5595,50.5595,50.5595,50.5595,0.0
2025-01-13,50.51,50.56,50.605,50.49,-0.1
2025-01-14,50.45,50.51,50.58,50.425,-0.12
2025-01-15,50.43,50.45,50.525,50.4138,-0.04
2025-01-16,50.4,50.43,50.4825,50.335,-0.06
2025-01-17,50.4,50.4,50.4,50.4,0.0
2025-01-18,50.4,50.4,50.4,50.4,0.0
2025-01-20,50.32,50.35,50.37,50.2575,-0.16
2025-01-21,50.3,50.3,50.3463,50.235,-0.04
2025-01-22,50.31,50.3,50.365,50.2438,0.02
2025-01-23,50.29,50.32,50.3813,50.18,-0.04
2025-01-24,50.29,50.29,50.29,50.29,0.0
2025-01-25,50.29,50.29,50.29,50.29,0.0
2025-01-27,50.25,50.27,50.3138,50.2175,-0.08
2025-01-28,50.22,50.24,50.2805,50.145,-0.06
2025-01-29,50.22,50.19,50.2783,50.1575,0.0
2025-01-30,50.23,50.21,50.27,50.1945,0.02
2025-01-31,50.23,50.23,50.23,50.23,0.0
2025-02-01,50.23,50.23,50.23,50.23,0.0
2025-02-03,50.36,50.22,50.46,50.215,0.26
2025-02-04,50.2725,50.33,50.3962,50.2263,-0.17
2025-02-05,50.32,50.29,50.3738,50.28,0.09
2025-02-06,50.3,50.33,50.36,50.23,-0.04
2025-02-07,50.3,50.3,50.3,50.3,0.0
2025-02-08,50.3,50.3,50.3,50.3,0.0
2025-02-10,50.29,50.28,50.37,50.235,-0.02
2025-02-11,50.45,50.29,50.49,50.275,0.32
2025-02-12,50.62,50.47,50.7263,50.42,0.34
2025-02-13,50.63,50.62,50.72,50.595,0.02
2025-02-14,50.63,50.63,50.63,50.63,0.0
2025-02-15,50.63,50.63,50.63,50.63,0.0
2025-02-17,50.6,50.6095,50.66,50.5425,-0.06
2025-02-18,50.64,50.61,50.69,50.55,0.08
2025-02-19,50.63,50.67,50.7988,50.57,-0.02
2025-02-20,50.58,50.6,50.665,50.53,-0.1
2025-02-21,50.58,50.58,50.58,50.58,0.0
2025-02-22,50.58,50.58,50.58,50.58,0.0
2025-02-24,50.6,50.59,50.6625,50.49,0.04
2025-02-25,50.58,50.6,50.66,50.5525,-0.04
2025-02-26,50.59,50.57,50.64,50.48,0.02
2025-02-27,50.66,50.59,50.695,50.55,0.14
2025-02-28,50.65,50.66,50.66,50.65,-0.02
2025-03-01,50.65,50.65,50.65,50.65,0.0
2025-03-03,50.6375,50.625,50.7005,50.585,-0.02
2025-03-04,50.63,50.6375,50.705,50.5888,-0.01
2025-03-05,50.67,50.62,50.74,50.58,0.08
2025-03-06,50.68,50.67,50.77,50.65,0.02
2025-03-07,50.68,50.68,50.68,50.68,0.0
2025-03-08,50.75,50.68,50.75,50.68,0.14
2025-03-10,50.6,50.73,50.73,50.5463,-0.3
2025-03-11,50.6,50.6,50.665,50.56,0.0
2025-03-12,50.66,50.6,50.73,50.565,0.12
2025-03-13,50.65,50.66,50.705,50.595,-0.02
2025-03-14,50.65,50.65,50.65,50.65,0.0
2025-03-15,50.65,50.65,50.65,50.65,0.0
2025-03-17,50.51,50.59,50.7,50.46,-0.28
2025-03-18,50.5,50.51,50.63,50.4288,-0.02
2025-03-19,50.64,50.46,50.7115,50.44,0.28
2025-03-20,50.57,50.65,50.68,50.51,-0.14
2025-03-21,50.57,50.57,50.57,50.57,0.0
2025-03-22,50.57,50.57,50.57,50.57,0.0
2025-03-24,50.6,50.64,50.685,50.55,0.06
2025-03-25,50.57,50.6,50.6738,50.5313,-0.06
2025-03-26,50.54,50.57,50.6738,50.5205,-0.06
2025-03-27,50.57,50.55,50.7,50.505,0.06
2025-03-28,50.57,50.57,50.57,50.56,0.0
2025-03-29,50.57,50.57,50.57,50.56,0.0
2025-03-31,50.57,50.57,50.57,50.57,0.0
2025-04-01,50.57,50.57,50.57,50.57,0.0
2025-04-02,50.57,50.57,50.57,50.57,0.0
2025-04-03,50.59,50.55,50.65,50.54,0.04
2025-04-04,50.59,50.59,50.59,50.59,0.0
2025-04-05,50.59,50.59,50.59,50.59,0.0
2025-04-07,51.39,51.11,51.72,51.09,1.58
2025-04-08,51.27,51.39,51.5305,51.2297,-0.23
2025-04-09,51.67,51.27,51.72,51.23,0.78
2025-04-10,51.33,51.665,51.705,51.15,-0.66
2025-04-11,51.33,51.33,51.33,51.33,0.0
2025-04-12,51.33,51.33,51.33,51.33,0.0
2025-04-14,51.0,51.2,51.35,50.93,-0.64
2025-04-15,50.98,51.0,51.035,50.8487,-0.04
2025-04-16,51.12,50.98,51.1575,50.95,0.27
2025-04-17,51.13,51.1,51.165,51.0,0.02
2025-04-18,51.13,51.13,51.13,51.13,0.0
2025-04-19,51.11,51.11,51.11,51.11,-0.04
2025-04-21,51.11,51.11,51.11,51.11,0.0
2025-04-22,51.02,51.11,51.145,50.95,-0.18
2025-04-23,50.96,51.04,51.135,50.85,-0.12
2025-04-24,50.96,50.96,50.96,50.96,0.0
2025-04-25,50.96,50.96,50.96,50.96,0.0
2025-04-26,50.96,50.96,50.96,50.96,0.0
2025-04-28,50.85,50.905,51.03,50.73,-0.22
2025-04-29,50.8,50.85,50.885,50.7,-0.1
2025-04-30,50.83,50.8,50.955,50.73,0.06
2025-05-01,50.79,50.79,50.79,50.79,-0.08
2025-05-02,50.77,50.77,50.77,50.77,-0.04
2025-05-03,50.77,50.77,50.77,50.77,0.0
2025-05-05,50.67,50.73,50.8,50.615,-0.2
2025-05-06,50.66,50.68,50.7175,50.5975,-0.02
2025-05-07,50.64,50.67,50.7325,50.59,-0.04
2025-05-08,50.62,50.63,50.725,50.575,-0.04
2025-05-09,50.62,50.61,50.62,50.61,0.0
2025-05-10,50.61,50.61,50.61,50.61,-0.02
2025-05-11,50.61,50.61,50.77,50.5425,0.0
2025-05-12,50.51,50.62,50.67,50.44,-0.2
2025-05-13,50.46,50.5,50.62,50.3655,-0.1
2025-05-14,50.39,50.44,50.505,50.3201,-0.14
2025-05-15,50.15,50.4,50.44,50.0853,-0.48
2025-05-16,50.13,50.13,50.13,50.13,-0.04
2025-05-17,50.13,50.13,50.13,50.13,0.0
2025-05-18,50.1,50.13,50.185,50.065,-0.06
2025-05-19,50.05,50.1,50.16,49.965,-0.1
2025-05-20,49.9,50.06,50.065,49.8313,-0.3
2025-05-21,49.85,49.87,49.95,49.795,-0.1
2025-05-22,49.9,49.84,50.005,49.795,0.1
2025-05-23,49.9,49.9,49.9,49.9,0.0
2025-05-24,49.9,49.9,49.9,49.9,0.0
2025-05-25,49.89,49.9,49.9595,49.8495,-0.02
2025-05-26,49.8,49.89,49.925,49.77,-0.18
2025-05-27,49.8,49.81,49.89,49.71,0.0
2025-05-28,49.79,49.75,49.89,49.735,-0.02
2025-05-29,49.76,49.79,49.91,49.685,-0.06
2025-05-30,49.76,49.765,49.765,49.72,0.0
2025-05-31,49.72,49.765,49.765,49.72,-0.08
2025-06-01,49.7,49.72,49.85,49.62,-0.04
2025-06-02,49.68,49.7,49.825,49.6413,-0.04
2025-06-03,49.67,49.69,49.74,49.6325,-0.02
2025-06-04,49.67,49.67,49.735,49.585,0.0
2025-06-05,49.65,49.6388,49.6513,49.6375,-0.04
2025-06-06,49.62,49.6388,49.6388,49.62,-0.06
2025-06-07,49.64,49.64,49.64,49.64,0.04
2025-06-08,49.64,49.64,49.64,49.64,0.0
2025-06-09,49.64,49.64,49.64,49.64,0.0
2025-06-10,49.53,49.64,49.67,49.44,-0.22
2025-06-11,49.51,49.53,49.565,49.415,-0.04
2025-06-12,49.77,49.52,49.945,49.45,0.53
2025-06-13,49.74,49.74,49.74,49.74,-0.06
2025-06-14,49.74,49.74,49.74,49.74,0.0
2025-06-15,50.61,49.74,50.84,49.67,1.75
2025-06-16,50.26,50.61,50.74,50.2,-0.69
2025-06-17,50.15,50.26,50.38,50.0975,-0.22
2025-06-18,50.52,50.12,50.64,50.075,0.74
2025-06-19,50.67,50.55,50.7325,50.52,0.3
2025-06-20,50.67,50.67,50.67,50.63,0.0
2025-06-21,50.63,50.65,50.65,50.63,-0.08
2025-06-22,50.8,50.63,50.975,50.55,0.34
2025-06-23,50.68,50.81,50.82,50.4887,-0.24
2025-06-24,50.05,50.68,50.705,49.9375,-1.24
2025-06-25,49.9,50.07,50.07,49.8438,-0.3
2025-06-26,49.9,49.9,49.9,49.9,0.0
2025-06-27,49.87,49.87,49.87,49.87,-0.06
2025-06-28,49.87,49.87,49.87,49.87,0.0
2025-06-29,49.69,49.87,50.05,49.635,-0.36
2025-06-30,49.6,49.68,49.715,49.52,-0.18
2025-07-01,49.415,49.59,49.68,49.3913,-0.37
2025-07-02,49.35,49.44,49.48,49.285,-0.13
2025-07-03,49.35,49.35,49.36,49.32,0.0
2025-07-04,49.35,49.35,49.36,49.32,0.0
2025-07-05,49.35,49.35,49.35,49.32,0.0
2025-07-06,49.3487,49.32,49.4,49.2862,0.0
2025-07-07,49.67,49.34,49.7,49.29,0.65
2025-07-08,49.68,49.68,49.86,49.6,0.02
2025-07-09,49.61,49.67,49.735,49.5425,-0.14
2025-07-10,49.51,49.62,49.68,49.435,-0.2
2025-07-11,49.49,49.49,49.49,49.49,-0.04
2025-07-12,49.49,49.49,49.49,49.49,0.0
2025-07-13,49.485,49.49,49.575,49.445,-0.01
2025-07-14,49.46,49.5,49.625,49.4,-0.05
2025-07-15,49.41,49.45,49.53,49.35,-0.1
2025-07-16,49.42,49.4,49.48,49.35,0.02
2025-07-17,49.41,49.44,49.53,49.34,-0.02
2025-07-18,49.41,49.41,49.41,49.41,0.0
2025-07-19,49.41,49.41,49.41,49.41,0.0
2025-07-20,49.37,49.41,49.45,49.28,-0.08
2025-07-21,49.25,49.37,49.39,49.175,-0.24
2025-07-22,49.07,49.25,49.37,48.99,-0.37
2025-07-23,49.09,49.07,49.2,49.02,0.04
2025-07-24,49.06,49.06,49.06,49.06,-0.06
2025-07-25,49.09,49.06,49.09,49.06,0.06
2025-07-26,49.06,49.06,49.06,49.06,-0.06
2025-07-27,48.8913,49.06,49.11,48.825,-0.34
2025-07-28,48.79,48.88,48.92,48.695,-0.21
2025-07-29,48.65,48.75,48.88,48.585,-0.29
2025-07-30,48.69,48.65,48.7825,48.6,0.08
2025-07-31,48.57,48.73,48.91,48.57,-0.25
2025-08-01,48.67,48.63,48.67,48.63,0.21
2025-08-02,48.63,48.63,48.63,48.63,-0.08
2025-08-03,48.6,48.63,48.73,48.575,-0.06
2025-08-04,48.45,48.6,48.71,48.3838,-0.31
2025-08-05,48.43,48.43,48.645,48.3613,-0.04
2025-08-06,48.45,48.42,48.54,48.37,0.04
2025-08-07,48.5425,48.45,48.5938,48.38,0.19
2025-08-08,48.5425,48.5425,48.545,48.5275,0.0
2025-08-09,48.5425,48.5425,48.545,48.5275,0.0
2025-08-10,48.47,48.53,48.63,48.425,-0.15
2025-08-11,48.49,48.51,48.57,48.37,0.04
2025-08-12,48.45,48.49,48.563,48.35,-0.08
2025-08-13,48.32,48.41,48.49,48.25,-0.27
2025-08-14,48.33,48.3,48.49,48.23,0.02
2025-08-15,48.3,48.3,48.33,48.27,-0.06
2025-08-16,48.33,48.3,48.33,48.27,0.06
2025-08-17,48.3185,48.27,48.355,48.23,-0.02
2025-08-18,48.38,48.29,48.41,48.22,0.13
2025-08-19,48.45,48.35,48.555,48.25,0.14
2025-08-20,48.58,48.45,48.745,48.35,0.27
2025-08-21,48.49,48.58,48.8,48.4,-0.19
2025-08-22,48.5,48.47,48.5,48.47,0.02
2025-08-23,48.47,48.5,48.5,48.47,-0.06
2025-08-24,48.42,48.47,48.55,48.3263,-0.1
2025-08-25,48.5,48.42,48.615,48.32,0.17
2025-08-26,48.6,48.5,48.86,48.4,0.21
2025-08-27,48.64,48.6,48.8,48.49,0.08
2025-08-28,48.5,48.64,48.745,48.5,-0.29
2025-08-29,48.57,48.57,48.57,48.57,0.14
2025-08-30,48.57,48.57,48.57,48.57,0.0
2025-08-31,48.58,48.57,48.6287,48.5,0.02
2025-09-01,48.535,48.58,48.67,48.45,-0.09
2025-09-02,48.52,48.535,48.67,48.42,-0.03
2025-09-03,48.54,48.52,48.6353,48.42,0.04
2025-09-04,48.55,48.55,48.55,48.55,0.02
2025-09-05,48.58,48.55,48.58,48.55,0.06
2025-09-06,48.55,48.55,48.55,48.55,-0.06
2025-09-07,48.47,48.55,48.64,48.4437,-0.16
2025-09-08,48.2,48.51,48.52,48.11,-0.56
2025-09-09,47.97,48.2,48.3,47.934,-0.48
2025-09-10,48.1,48.01,48.43,47.946,0.27
2025-09-11,48.22,48.15,48.35,48.05,0.25
2025-09-12,48.16,48.16,48.16,48.16,-0.12
2025-09-13,48.16,48.16,48.16,48.16,0.0
2025-09-14,48.22,48.16,48.2595,48.1,0.12
2025-09-15,48.17,48.2,48.24,48.07,-0.1
2025-09-16,48.08,48.17,48.25,48.05,-0.19
2025-09-17,48.14,48.08,48.26,48.05,0.12
2025-09-18,48.19,48.14,48.275,48.09,0.1
2025-09-19,48.17,48.17,48.17,48.17,-0.04
2025-09-20,48.17,48.17,48.17,48.17,0.0
2025-09-21,48.22,48.17,48.35,48.09,0.1
2025-09-22,48.1825,48.23,48.38,48.11,-0.08
2025-09-23,48.15,48.16,48.2688,48.075,-0.07
2025-09-24,48.16,48.15,48.35,48.08,0.02
2025-09-25,48.13,48.16,48.23,48.025,-0.06
2025-09-26,48.13,48.13,48.13,48.13,0.0
2025-09-27,48.13,48.13,48.13,48.13,0.0
2025-09-28,48.15,48.13,48.22,48.02,0.04
2025-09-29,48.05,48.14,48.2,47.9,-0.21
2025-09-30,47.85,48.04,48.17,47.79,-0.42
2025-10-01,47.85,47.85,47.98,47.77,0.0
2025-10-02,47.72,47.85,47.95,47.6863,-0.27
2025-10-03,47.75,47.75,47.79,47.75,0.06
2025-10-04,47.75,47.75,47.79,47.75,0.0
2025-10-05,47.6,47.75,47.81,47.5675,-0.31
2025-10-06,47.59,47.64,47.695,47.5,-0.02
2025-10-07,47.58,47.59,47.66,47.48,-0.02
2025-10-08,47.56,47.58,47.62,47.38,-0.04
2025-10-09,47.555,47.56,47.56,47.555,-0.01
2025-10-10,47.56,47.56,47.56,47.56,0.01
2025-10-11,47.56,47.56,47.56,47.56,0.0
2025-10-12,47.87,47.56,48.23,47.49,0.65
2025-10-13,47.7,47.89,47.95,47.62,-0.36
2025-10-14,47.66,47.72,47.87,47.61,-0.08
2025-10-15,47.6,47.66,47.74,47.55,-0.13
2025-10-16,47.6,47.6,47.69,47.48,0.0
2025-10-17,47.58,47.58,47.58,47.58,-0.04
2025-10-18,47.58,47.58,47.58,47.58,0.0
2025-10-19,47.52,47.58,47.65,47.475,-0.13
2025-10-20,47.5,47.57,47.605,47.3975,-0.04
2025-10-21,47.53,47.48,47.6975,47.4,0.06
2025-10-22,47.57,47.55,47.71,47.45,0.08
2025-10-23,47.59,47.56,47.6825,47.45,0.04
2025-10-24,47.59,47.59,47.59,47.59,0.0
2025-10-25,47.59,47.59,47.59,47.59,0.0
2025-10-26,47.53,47.59,47.615,47.4375,-0.13
2025-10-27,47.45,47.53,47.57,47.33,-0.17
2025-10-28,47.37,47.45,47.47,47.25,-0.17
2025-10-29,47.3,47.35,47.4775,47.21,-0.15
2025-10-30,47.23,47.3,47.39,47.14,-0.15
2025-10-31,47.24,47.24,47.24,47.24,0.02
2025-11-01,47.24,47.24,47.24,47.24,0.0
2025-11-02,47.24,47.24,47.34,47.1713,0.0
2025-11-03,47.2,47.25,47.295,47.14,-0.08
2025-11-04,47.31,47.25,47.46,47.15,0.23
2025-11-05,47.41,47.36,47.6,47.26,0.21
2025-11-06,47.3,47.41,47.5,47.25,-0.23
2025-11-07,47.35,47.35,47.35,47.35,0.11
2025-11-08,47.35,47.35,47.35,47.35,0.0
2025-11-09,47.317,47.35,47.3875,47.25,-0.07
2025-11-10,47.26,47.33,47.36,47.14,-0.12
2025-11-11,47.19,47.26,47.32,47.14,-0.15
2025-11-12,47.2,47.23,47.2903,47.14,0.02
2025-11-13,47.19,47.23,47.26,47.1,-0.02
2025-11-14,47.2,47.2,47.2,47.2,0.02
2025-11-15,47.2,47.2,47.2,47.2,0.0
2025-11-16,47.15,47.2,47.225,47.0725,-0.11
2025-11-17,47.05,47.11,47.18,46.97,-0.21
2025-11-18,47.16,47.05,47.32,47.0388,0.23
2025-11-19,47.39,47.18,47.445,47.15,0.49
2025-11-20,47.4,47.39,47.51,47.25,0.02
2025-11-21,47.45,47.45,47.45,47.45,0.11
2025-11-22,47.45,47.45,47.45,47.45,0.0
2025-11-23,47.61,47.45,47.74,47.4,0.34
2025-11-24,47.73,47.61,47.845,47.58,0.25
2025-11-25,47.81,47.73,47.94,47.65,0.17
2025-11-26,47.72,47.92,47.92,47.56,-0.19
2025-11-27,47.625,47.72,47.74,47.55,-0.2
2025-11-28,47.65,47.65,47.65,47.65,0.05
2025-11-29,47.65,47.65,47.65,47.63,0.0
2025-11-30,47.58,47.65,47.67,47.5,-0.15
2025-12-01,47.52,47.58,47.6263,47.42,-0.13
2025-12-02,47.51,47.52,47.5825,47.42,-0.02
2025-12-03,47.55,47.51,47.65,47.42,0.08
2025-12-04,47.52,47.57,47.621,47.47,-0.06
2025-12-05,47.57,47.57,47.57,47.57,0.11
2025-12-06,47.57,47.57,47.57,47.57,0.0
2025-12-07,47.49,47.57,47.59,47.455,-0.17
2025-12-08,47.47,47.45,47.61,47.38,-0.04
2025-12-09,47.55,47.47,47.675,47.42,0.17
2025-12-10,47.56,47.6,47.67,47.5,0.02
2025-12-11,47.51,47.61,47.6513,47.44,-0.11
2025-12-12,47.54,47.54,47.54,47.54,0.06
2025-12-13,47.54,47.54,47.54,47.54,0.0
2025-12-14,47.5,47.54,47.65,47.4275,-0.08
2025-12-15,47.43,47.48,47.58,47.38,-0.15
2025-12-16,47.38,47.45,47.5037,47.33,-0.11
2025-12-17,47.6,47.42,47.6263,47.33,0.46
2025-12-18,47.53,47.58,47.64,47.47,-0.15
2025-12-19,47.59,47.59,47.59,47.59,0.13
2025-12-20,47.59,47.59,47.59,47.59,0.0
2025-12-21,47.55,47.59,47.625,47.48,-0.08
2025-12-22,47.45,47.5,47.6,47.37,-0.21
2025-12-23,47.48,47.42,47.5705,47.37,0.06
2025-12-24,47.54,47.48,47.63,47.43,0.13
2025-12-25,47.59,47.54,47.63,47.49,0.11
2025-12-26,47.6,47.6,47.6,47.6,0.02
2025-12-27,47.6,47.6,47.6,47.6,0.0
2025-12-28,47.66,47.6,47.675,47.505,0.13
2025-12-29,47.67,47.65,47.818,47.56,0.02
2025-12-30,47.72,47.7,47.805,47.6,0.1
2025-12-31,47.7,47.71,47.75,47.55,-0.04
2026-01-01,47.7,47.7,47.7,47.7,0.0
2026-01-02,47.7,47.7,47.7,47.7,0.0
2026-01-03,47.7,47.7,47.7,47.7,0.0
2026-01-04,47.5963,47.7,47.75,47.53,-0.22
2026-01-05,47.32,47.6,47.72,47.24,-0.58
2026-01-06,47.25,47.33,47.39,47.17,-0.15
2026-01-07,47.25,47.25,47.3,47.25,0.0
2026-01-08,47.28,47.25,47.4,47.09,0.06
2026-01-09,47.23,47.23,47.28,47.23,-0.11
2026-01-10,47.23,47.23,47.28,47.23,0.0
2026-01-11,47.2138,47.23,47.35,47.09,-0.03
2026-01-12,47.15,47.2,47.26,47.05,-0.14
2026-01-13,47.1,47.15,47.3413,47.03,-0.11
2026-01-14,47.3,47.12,47.3713,47.05,0.42
2026-01-15,47.24,47.34,47.37,47.18,-0.13
2026-01-16,47.24,47.24,47.28,47.24,0.0
2026-01-17,47.28,47.24,47.28,47.24,0.08
2026-01-18,47.3675,47.29,47.45,47.19,0.19
2026-01-19,47.42,47.31,47.5563,47.28,0.11
2026-01-20,47.47,47.4,47.56,47.31,0.11
2026-01-21,47.39,47.49,47.595,47.28,-0.17
2026-01-22,47.05,47.36,47.51,47.05,-0.72
2026-01-23,47.15,47.15,47.15,47.15,0.21
2026-01-24,47.15,47.15,47.15,47.15,0.0
2026-01-25,47.045,47.15,47.21,46.995,-0.22
2026-01-26,46.97,47.05,47.13,46.87,-0.16
2026-01-27,47.0,47.06,47.1225,46.93,0.06
2026-01-28,46.83,47.04,47.115,46.83,-0.36
2026-01-29,46.83,46.83,46.93,46.83,0.0
2026-01-30,46.93,46.93,46.93,46.93,0.21
2026-01-31,46.93,46.93,46.93,46.93,0.0
2026-02-01,47.11,46.93,47.385,46.83,0.38
2026-02-02,47.09,47.13,47.2,46.99,-0.04
2026-02-03,47.01,47.09,47.11,46.9,-0.17
2026-02-04,46.9,46.98,47.03,46.84,-0.23
2026-02-05,46.86,46.94,47.075,46.84,-0.09
2026-02-06,46.86,46.86,46.86,46.86,0.0
2026-02-07,46.86,46.86,46.96,46.86,0.0
2026-02-08,46.9175,46.96,46.99,46.86,0.12
2026-02-09,46.86,46.96,46.98,46.81,-0.12
2026-02-10,46.79,46.88,46.93,46.76,-0.15
2026-02-11,46.77,46.85,46.95,46.77,-0.04
2026-02-12,46.85,46.85,46.96,46.73,0.17
2026-02-13,46.85,46.85,46.85,46.85,0.0
2026-02-14,46.83,46.83,46.85,46.83,-0.04
2026-02-15,46.7545,46.83,46.87,46.71,-0.16
2026-02-16,46.69,46.7,46.87,46.64,-0.14
2026-02-17,46.9,46.69,47.05,46.69,0.45
2026-02-18,46.91,47.02,47.1,46.8463,0.02
2026-02-19,47.5,47.02,47.64,46.91,1.26
2026-02-20,47.565,47.5,47.595,47.5,0.14
2026-02-21,47.5,47.5,47.595,47.5,-0.14
2026-02-22,47.8,47.59,47.84,47.45,0.63
2026-02-23,47.76,47.76,47.87,47.63,-0.08
2026-02-24,47.8,47.73,47.9202,47.63,0.08
2026-02-25,47.98,47.9,48.175,47.8,0.38
2026-02-26,47.95,47.98,48.0,47.69,-0.06
2026-02-27,47.95,47.95,47.95,47.95,0.0
2026-02-28,47.95,47.95,47.95,47.95,0.0
2026-03-01,48.75,47.92,48.91,47.82,1.67
2026-03-02,49.22,48.75,49.8,48.65,0.96
2026-03-03,49.88,49.22,50.25,49.12,1.34
2026-03-04,50.19,49.88,50.27,49.75,0.62
2026-03-05,50.1,50.17,50.38,50.04,-0.18
2026-03-06,50.14,50.15,50.15,50.14,0.08
