"Date","Price","Open","High","Low","Vol.","Change %"
"03/06/2026","50.1400","50.1500","50.1500","50.1400","","0.08%"
"03/05/2026","50.1000","50.1700","50.3800","50.0400","","-0.18%"
"03/04/2026","50.1900","49.8800","50.2700","49.7500","","0.62%"
"03/03/2026","49.8800","49.2200","50.2500","49.1200","","1.34%"
"03/02/2026","49.2200","48.7500","49.8000","48.6500","","0.96%"
"03/01/2026","48.7500","47.9200","48.9100","47.8200","","1.67%"
"02/28/2026","47.9500","47.9500","47.9500","47.9500","","0.00%"
"02/27/2026","47.9500","47.9500","47.9500","47.9500","","0.00%"
"02/26/2026","47.9500","47.9800","48.0000","47.6900","","-0.06%"
"02/25/2026","47.9800","47.9000","48.1750","47.8000","","0.38%"
"02/24/2026","47.8000","47.7300","47.9202","47.6300","","0.08%"
"02/23/2026","47.7600","47.7600","47.8700","47.6300","","-0.08%"
"02/22/2026","47.8000","47.5900","47.8400","47.4500","","0.63%"
"02/21/2026","47.5000","47.5000","47.5950","47.5000","","-0.14%"
"02/20/2026","47.5650","47.5000","47.5950","47.5000","","0.14%"
"02/19/2026","47.5000","47.0200","47.6400","46.9100","","1.26%"
"02/18/2026","46.9100","47.0200","47.1000","46.8463","","0.02%"
"02/17/2026","46.9000","46.6900","47.0500","46.6900","","0.45%"
"02/16/2026","46.6900","46.7000","46.8700","46.6400","","-0.14%"
"02/15/2026","46.7545","46.8300","46.8700","46.7100","","-0.16%"
"02/14/2026","46.8300","46.8300","46.8500","46.8300","","-0.04%"
"02/13/2026","46.8500","46.8500","46.8500","46.8500","","0.00%"
"02/12/2026","46.8500","46.8500","46.9600","46.7300","","0.17%"
"02/11/2026","46.7700","46.8500","46.9500","46.7700","","-0.04%"
"02/10/2026","46.7900","46.8800","46.9300","46.7600","","-0.15%"
"02/09/2026","46.8600","46.9600","46.9800","46.8100","","-0.12%"
"02/08/2026","46.9175","46.9600","46.9900","46.8600","","0.12%"
"02/07/2026","46.8600","46.8600","46.9600","46.8600","","0.00%"
"02/06/2026","46.8600","46.8600","46.8600","46.8600","","0.00%"
"02/05/2026","46.8600","46.9400","47.0750","46.8400","","-0.09%"
"02/04/2026","46.9000","46.9800","47.0300","46.8400","","-0.23%"
"02/03/2026","47.0100","47.0900","47.1100","46.9000","","-0.17%"
"02/02/2026","47.0900","47.1300","47.2000","46.9900","","-0.04%"
"02/01/2026","47.1100","46.9300","47.3850","46.8300","","0.38%"
"01/31/2026","46.9300","46.9300","46.9300","46.9300","","0.00%"
"01/30/2026","46.9300","46.9300","46.9300","46.9300","","0.21%"
"01/29/2026","46.8300","46.8300","46.9300","46.8300","","0.00%"
"01/28/2026","46.8300","47.0400","47.1150","46.8300","","-0.36%"
"01/27/2026","47.0000","47.0600","47.1225","46.9300","","0.06%"
"01/26/2026","46.9700","47.0500","47.1300","46.8700","","-0.16%"
"01/25/2026","47.0450","47.1500","47.2100","46.9950","","-0.22%"
"01/24/2026","47.1500","47.1500","47.1500","47.1500","","0.00%"
"01/23/2026","47.1500","47.1500","47.1500","47.1500","","0.21%"
"01/22/2026","47.0500","47.3600","47.5100","47.0500","","-0.72%"
"01/21/2026","47.3900","47.4900","47.5950","47.2800","","-0.17%"
"01/20/2026","47.4700","47.4000","47.5600","47.3100","","0.11%"
"01/19/2026","47.4200","47.3100","47.5563","47.2800","","0.11%"
"01/18/2026","47.3675","47.2900","47.4500","47.1900","","0.19%"
"01/17/2026","47.2800","47.2400","47.2800","47.2400","","0.08%"
"01/16/2026","47.2400","47.2400","47.2800","47.2400","","0.00%"
"01/15/2026","47.2400","47.3400","47.3700","47.1800","","-0.13%"
"01/14/2026","47.3000","47.1200","47.3713","47.0500","","0.42%"
"01/13/2026","47.1000","47.1500","47.3413","47.0300","","-0.11%"
"01/12/2026","47.1500","47.2000","47.2600","47.0500","","-0.14%"
"01/11/2026","47.2138","47.2300","47.3500","47.0900","","-0.03%"
"01/10/2026","47.2300","47.2300","47.2800","47.2300","","0.00%"
"01/09/2026","47.2300","47.2300","47.2800","47.2300","","-0.11%"
"01/08/2026","47.2800","47.2500","47.4000","47.0900","","0.06%"
"01/07/2026","47.2500","47.2500","47.3000","47.2500","","0.00%"
"01/06/2026","47.2500","47.3300","47.3900","47.1700","","-0.15%"
"01/05/2026","47.3200","47.6000","47.7200","47.2400","","-0.58%"
"01/04/2026","47.5963","47.7000","47.7500","47.5300","","-0.22%"
"01/03/2026","47.7000","47.7000","47.7000","47.7000","","0.00%"
"01/02/2026","47.7000","47.7000","47.7000","47.7000","","0.00%"
"01/01/2026","47.7000","47.7000","47.7000","47.7000","","0.00%"
"12/31/2025","47.7000","47.7100","47.7500","47.5500","","-0.04%"
"12/30/2025","47.7200","47.7000","47.8050","47.6000","","0.10%"
"12/29/2025","47.6700","47.6500","47.8180","47.5600","","0.02%"
"12/28/2025","47.6600","47.6000","47.6750","47.5050","","0.13%"
"12/27/2025","47.6000","47.6000","47.6000","47.6000","","0.00%"
"12/26/2025","47.6000","47.6000","47.6000","47.6000","","0.02%"
"12/25/2025","47.5900","47.5400","47.6300","47.4900","","0.11%"
"12/24/2025","47.5400","47.4800","47.6300","47.4300","","0.13%"
"12/23/2025","47.4800","47.4200","47.5705","47.3700","","0.06%"
"12/22/2025","47.4500","47.5000","47.6000","47.3700","","-0.21%"
"12/21/2025","47.5500","47.5900","47.6250","47.4800","","-0.08%"
"12/20/2025","47.5900","47.5900","47.5900","47.5900","","0.00%"
"12/19/2025","47.5900","47.5900","47.5900","47.5900","","0.13%"
"12/18/2025","47.5300","47.5800","47.6400","47.4700","","-0.15%"
"12/17/2025","47.6000","47.4200","47.6263","47.3300","","0.46%"
"12/16/2025","47.3800","47.4500","47.5037","47.3300","","-0.11%"
"12/15/2025","47.4300","47.4800","47.5800","47.3800","","-0.15%"
"12/14/2025","47.5000","47.5400","47.6500","47.4275","","-0.08%"
"12/13/2025","47.5400","47.5400","47.5400","47.5400","","0.00%"
"12/12/2025","47.5400","47.5400","47.5400","47.5400","","0.06%"
"12/11/2025","47.5100","47.6100","47.6513","47.4400","","-0.11%"
"12/10/2025","47.5600","47.6000","47.6700","47.5000","","0.02%"
"12/09/2025","47.5500","47.4700","47.6750","47.4200","","0.17%"
"12/08/2025","47.4700","47.4500","47.6100","47.3800","","-0.04%"
"12/07/2025","47.4900","47.5700","47.5900","47.4550","","-0.17%"
"12/06/2025","47.5700","47.5700","47.5700","47.5700","","0.00%"
"12/05/2025","47.5700","47.5700","47.5700","47.5700","","0.11%"
"12/04/2025","47.5200","47.5700","47.6210","47.4700","","-0.06%"
"12/03/2025","47.5500","47.5100","47.6500","47.4200","","0.08%"
"12/02/2025","47.5100","47.5200","47.5825","47.4200","","-0.02%"
"12/01/2025","47.5200","47.5800","47.6263","47.4200","","-0.13%"
"11/30/2025","47.5800","47.6500","47.6700","47.5000","","-0.15%"
"11/29/2025","47.6500","47.6500","47.6500","47.6300","","0.00%"
"11/28/2025","47.6500","47.6500","47.6500","47.6500","","0.05%"
"11/27/2025","47.6250","47.7200","47.7400","47.5500","","-0.20%"
"11/26/2025","47.7200","47.9200","47.9200","47.5600","","-0.19%"
"11/25/2025","47.8100","47.7300","47.9400","47.6500","","0.17%"
"11/24/2025","47.7300","47.6100","47.8450","47.5800","","0.25%"
"11/23/2025","47.6100","47.4500","47.7400","47.4000","","0.34%"
"11/22/2025","47.4500","47.4500","47.4500","47.4500","","0.00%"
"11/21/2025","47.4500","47.4500","47.4500","47.4500","","0.11%"
"11/20/2025","47.4000","47.3900","47.5100","47.2500","","0.02%"
"11/19/2025","47.3900","47.1800","47.4450","47.1500","","0.49%"
"11/18/2025","47.1600","47.0500","47.3200","47.0388","","0.23%"
"11/17/2025","47.0500","47.1100","47.1800","46.9700","","-0.21%"
"11/16/2025","47.1500","47.2000","47.2250","47.0725","","-0.11%"
"11/15/2025","47.2000","47.2000","47.2000","47.2000","","0.00%"
"11/14/2025","47.2000","47.2000","47.2000","47.2000","","0.02%"
"11/13/2025","47.1900","47.2300","47.2600","47.1000","","-0.02%"
"11/12/2025","47.2000","47.2300","47.2903","47.1400","","0.02%"
"11/11/2025","47.1900","47.2600","47.3200","47.1400","","-0.15%"
"11/10/2025","47.2600","47.3300","47.3600","47.1400","","-0.12%"
"11/09/2025","47.3170","47.3500","47.3875","47.2500","","-0.07%"
"11/08/2025","47.3500","47.3500","47.3500","47.3500","","0.00%"
"11/07/2025","47.3500","47.3500","47.3500","47.3500","","0.11%"
"11/06/2025","47.3000","47.4100","47.5000","47.2500","","-0.23%"
"11/05/2025","47.4100","47.3600","47.6000","47.2600","","0.21%"
"11/04/2025","47.3100","47.2500","47.4600","47.1500","","0.23%"
"11/03/2025","47.2000","47.2500","47.2950","47.1400","","-0.08%"
"11/02/2025","47.2400","47.2400","47.3400","47.1713","","0.00%"
"11/01/2025","47.2400","47.2400","47.2400","47.2400","","0.00%"
"10/31/2025","47.2400","47.2400","47.2400","47.2400","","0.02%"
"10/30/2025","47.2300","47.3000","47.3900","47.1400","","-0.15%"
"10/29/2025","47.3000","47.3500","47.4775","47.2100","","-0.15%"
"10/28/2025","47.3700","47.4500","47.4700","47.2500","","-0.17%"
"10/27/2025","47.4500","47.5300","47.5700","47.3300","","-0.17%"
"10/26/2025","47.5300","47.5900","47.6150","47.4375","","-0.13%"
"10/25/2025","47.5900","47.5900","47.5900","47.5900","","0.00%"
"10/24/2025","47.5900","47.5900","47.5900","47.5900","","0.00%"
"10/23/2025","47.5900","47.5600","47.6825","47.4500","","0.04%"
"10/22/2025","47.5700","47.5500","47.7100","47.4500","","0.08%"
"10/21/2025","47.5300","47.4800","47.6975","47.4000","","0.06%"
"10/20/2025","47.5000","47.5700","47.6050","47.3975","","-0.04%"
"10/19/2025","47.5200","47.5800","47.6500","47.4750","","-0.13%"
"10/18/2025","47.5800","47.5800","47.5800","47.5800","","0.00%"
"10/17/2025","47.5800","47.5800","47.5800","47.5800","","-0.04%"
"10/16/2025","47.6000","47.6000","47.6900","47.4800","","0.00%"
"10/15/2025","47.6000","47.6600","47.7400","47.5500","","-0.13%"
"10/14/2025","47.6600","47.7200","47.8700","47.6100","","-0.08%"
"10/13/2025","47.7000","47.8900","47.9500","47.6200","","-0.36%"
"10/12/2025","47.8700","47.5600","48.2300","47.4900","","0.65%"
"10/11/2025","47.5600","47.5600","47.5600","47.5600","","0.00%"
"10/10/2025","47.5600","47.5600","47.5600","47.5600","","0.01%"
"10/09/2025","47.5550","47.5600","47.5600","47.5550","","-0.01%"
"10/08/2025","47.5600","47.5800","47.6200","47.3800","","-0.04%"
"10/07/2025","47.5800","47.5900","47.6600","47.4800","","-0.02%"
"10/06/2025","47.5900","47.6400","47.6950","47.5000","","-0.02%"
"10/05/2025","47.6000","47.7500","47.8100","47.5675","","-0.31%"
"10/04/2025","47.7500","47.7500","47.7900","47.7500","","0.00%"
"10/03/2025","47.7500","47.7500","47.7900","47.7500","","0.06%"
"10/02/2025","47.7200","47.8500","47.9500","47.6863","","-0.27%"
"10/01/2025","47.8500","47.8500","47.9800","47.7700","","0.00%"
"09/30/2025","47.8500","48.0400","48.1700","47.7900","","-0.42%"
"09/29/2025","48.0500","48.1400","48.2000","47.9000","","-0.21%"
"09/28/2025","48.1500","48.1300","48.2200","48.0200","","0.04%"
"09/27/2025","48.1300","48.1300","48.1300","48.1300","","0.00%"
"09/26/2025","48.1300","48.1300","48.1300","48.1300","","0.00%"
"09/25/2025","48.1300","48.1600","48.2300","48.0250","","-0.06%"
"09/24/2025","48.1600","48.1500","48.3500","48.0800","","0.02%"
"09/23/2025","48.1500","48.1600","48.2688","48.0750","","-0.07%"
"09/22/2025","48.1825","48.2300","48.3800","48.1100","","-0.08%"
"09/21/2025","48.2200","48.1700","48.3500","48.0900","","0.10%"
"09/20/2025","48.1700","48.1700","48.1700","48.1700","","0.00%"
"09/19/2025","48.1700","48.1700","48.1700","48.1700","","-0.04%"
"09/18/2025","48.1900","48.1400","48.2750","48.0900","","0.10%"
"09/17/2025","48.1400","48.0800","48.2600","48.0500","","0.12%"
"09/16/2025","48.0800","48.1700","48.2500","48.0500","","-0.19%"
"09/15/2025","48.1700","48.2000","48.2400","48.0700","","-0.10%"
"09/14/2025","48.2200","48.1600","48.2595","48.1000","","0.12%"
"09/13/2025","48.1600","48.1600","48.1600","48.1600","","0.00%"
"09/12/2025","48.1600","48.1600","48.1600","48.1600","","-0.12%"
"09/11/2025","48.2200","48.1500","48.3500","48.0500","","0.25%"
"09/10/2025","48.1000","48.0100","48.4300","47.9460","","0.27%"
"09/09/2025","47.9700","48.2000","48.3000","47.9340","","-0.48%"
"09/08/2025","48.2000","48.5100","48.5200","48.1100","","-0.56%"
"09/07/2025","48.4700","48.5500","48.6400","48.4437","","-0.16%"
"09/06/2025","48.5500","48.5500","48.5500","48.5500","","-0.06%"
"09/05/2025","48.5800","48.5500","48.5800","48.5500","","0.06%"
"09/04/2025","48.5500","48.5500","48.5500","48.5500","","0.02%"
"09/03/2025","48.5400","48.5200","48.6353","48.4200","","0.04%"
"09/02/2025","48.5200","48.5350","48.6700","48.4200","","-0.03%"
"09/01/2025","48.5350","48.5800","48.6700","48.4500","","-0.09%"
"08/31/2025","48.5800","48.5700","48.6287","48.5000","","0.02%"
"08/30/2025","48.5700","48.5700","48.5700","48.5700","","0.00%"
"08/29/2025","48.5700","48.5700","48.5700","48.5700","","0.14%"
"08/28/2025","48.5000","48.6400","48.7450","48.5000","","-0.29%"
"08/27/2025","48.6400","48.6000","48.8000","48.4900","","0.08%"
"08/26/2025","48.6000","48.5000","48.8600","48.4000","","0.21%"
"08/25/2025","48.5000","48.4200","48.6150","48.3200","","0.17%"
"08/24/2025","48.4200","48.4700","48.5500","48.3263","","-0.10%"
"08/23/2025","48.4700","48.5000","48.5000","48.4700","","-0.06%"
"08/22/2025","48.5000","48.4700","48.5000","48.4700","","0.02%"
"08/21/2025","48.4900","48.5800","48.8000","48.4000","","-0.19%"
"08/20/2025","48.5800","48.4500","48.7450","48.3500","","0.27%"
"08/19/2025","48.4500","48.3500","48.5550","48.2500","","0.14%"
"08/18/2025","48.3800","48.2900","48.4100","48.2200","","0.13%"
"08/17/2025","48.3185","48.2700","48.3550","48.2300","","-0.02%"
"08/16/2025","48.3300","48.3000","48.3300","48.2700","","0.06%"
"08/15/2025","48.3000","48.3000","48.3300","48.2700","","-0.06%"
"08/14/2025","48.3300","48.3000","48.4900","48.2300","","0.02%"
"08/13/2025","48.3200","48.4100","48.4900","48.2500","","-0.27%"
"08/12/2025","48.4500","48.4900","48.5630","48.3500","","-0.08%"
"08/11/2025","48.4900","48.5100","48.5700","48.3700","","0.04%"
"08/10/2025","48.4700","48.5300","48.6300","48.4250","","-0.15%"
"08/09/2025","48.5425","48.5425","48.5450","48.5275","","0.00%"
"08/08/2025","48.5425","48.5425","48.5450","48.5275","","0.00%"
"08/07/2025","48.5425","48.4500","48.5938","48.3800","","0.19%"
"08/06/2025","48.4500","48.4200","48.5400","48.3700","","0.04%"
"08/05/2025","48.4300","48.4300","48.6450","48.3613","","-0.04%"
"08/04/2025","48.4500","48.6000","48.7100","48.3838","","-0.31%"
"08/03/2025","48.6000","48.6300","48.7300","48.5750","","-0.06%"
"08/02/2025","48.6300","48.6300","48.6300","48.6300","","-0.08%"
"08/01/2025","48.6700","48.6300","48.6700","48.6300","","0.21%"
"07/31/2025","48.5700","48.7300","48.9100","48.5700","","-0.25%"
"07/30/2025","48.6900","48.6500","48.7825","48.6000","","0.08%"
"07/29/2025","48.6500","48.7500","48.8800","48.5850","","-0.29%"
"07/28/2025","48.7900","48.8800","48.9200","48.6950","","-0.21%"
"07/27/2025","48.8913","49.0600","49.1100","48.8250","","-0.34%"
"07/26/2025","49.0600","49.0600","49.0600","49.0600","","-0.06%"
"07/25/2025","49.0900","49.0600","49.0900","49.0600","","0.06%"
"07/24/2025","49.0600","49.0600","49.0600","49.0600","","-0.06%"
"07/23/2025","49.0900","49.0700","49.2000","49.0200","","0.04%"
"07/22/2025","49.0700","49.2500","49.3700","48.9900","","-0.37%"
"07/21/2025","49.2500","49.3700","49.3900","49.1750","","-0.24%"
"07/20/2025","49.3700","49.4100","49.4500","49.2800","","-0.08%"
"07/19/2025","49.4100","49.4100","49.4100","49.4100","","0.00%"
"07/18/2025","49.4100","49.4100","49.4100","49.4100","","0.00%"
"07/17/2025","49.4100","49.4400","49.5300","49.3400","","-0.02%"
"07/16/2025","49.4200","49.4000","49.4800","49.3500","","0.02%"
"07/15/2025","49.4100","49.4500","49.5300","49.3500","","-0.10%"
"07/14/2025","49.4600","49.5000","49.6250","49.4000","","-0.05%"
"07/13/2025","49.4850","49.4900","49.5750","49.4450","","-0.01%"
"07/12/2025","49.4900","49.4900","49.4900","49.4900","","0.00%"
"07/11/2025","49.4900","49.4900","49.4900","49.4900","","-0.04%"
"07/10/2025","49.5100","49.6200","49.6800","49.4350","","-0.20%"
"07/09/2025","49.6100","49.6700","49.7350","49.5425","","-0.14%"
"07/08/2025","49.6800","49.6800","49.8600","49.6000","","0.02%"
"07/07/2025","49.6700","49.3400","49.7000","49.2900","","0.65%"
"07/06/2025","49.3487","49.3200","49.4000","49.2862","","0.00%"
"07/05/2025","49.3500","49.3500","49.3500","49.3200","","0.00%"
"07/04/2025","49.3500","49.3500","49.3600","49.3200","","0.00%"
"07/03/2025","49.3500","49.3500","49.3600","49.3200","","0.00%"
"07/02/2025","49.3500","49.4400","49.4800","49.2850","","-0.13%"
"07/01/2025","49.4150","49.5900","49.6800","49.3913","","-0.37%"
"06/30/2025","49.6000","49.6800","49.7150","49.5200","","-0.18%"
"06/29/2025","49.6900","49.8700","50.0500","49.6350","","-0.36%"
"06/28/2025","49.8700","49.8700","49.8700","49.8700","","0.00%"
"06/27/2025","49.8700","49.8700","49.8700","49.8700","","-0.06%"
"06/26/2025","49.9000","49.9000","49.9000","49.9000","","0.00%"
"06/25/2025","49.9000","50.0700","50.0700","49.8438","","-0.30%"
"06/24/2025","50.0500","50.6800","50.7050","49.9375","","-1.24%"
"06/23/2025","50.6800","50.8100","50.8200","50.4887","","-0.24%"
"06/22/2025","50.8000","50.6300","50.9750","50.5500","","0.34%"
"06/21/2025","50.6300","50.6500","50.6500","50.6300","","-0.08%"
"06/20/2025","50.6700","50.6700","50.6700","50.6300","","0.00%"
"06/19/2025","50.6700","50.5500","50.7325","50.5200","","0.30%"
"06/18/2025","50.5200","50.1200","50.6400","50.0750","","0.74%"
"06/17/2025","50.1500","50.2600","50.3800","50.0975","","-0.22%"
"06/16/2025","50.2600","50.6100","50.7400","50.2000","","-0.69%"
"06/15/2025","50.6100","49.7400","50.8400","49.6700","","1.75%"
"06/14/2025","49.7400","49.7400","49.7400","49.7400","","0.00%"
"06/13/2025","49.7400","49.7400","49.7400","49.7400","","-0.06%"
"06/12/2025","49.7700","49.5200","49.9450","49.4500","","0.53%"
"06/11/2025","49.5100","49.5300","49.5650","49.4150","","-0.04%"
"06/10/2025","49.5300","49.6400","49.6700","49.4400","","-0.22%"
"06/09/2025","49.6400","49.6400","49.6400","49.6400","","0.00%"
"06/08/2025","49.6400","49.6400","49.6400","49.6400","","0.00%"
"06/07/2025","49.6400","49.6400","49.6400","49.6400","","0.04%"
"06/06/2025","49.6200","49.6388","49.6388","49.6200","","-0.06%"
"06/05/2025","49.6500","49.6388","49.6513","49.6375","","-0.04%"
"06/04/2025","49.6700","49.6700","49.7350","49.5850","","0.00%"
"06/03/2025","49.6700","49.6900","49.7400","49.6325","","-0.02%"
"06/02/2025","49.6800","49.7000","49.8250","49.6413","","-0.04%"
"06/01/2025","49.7000","49.7200","49.8500","49.6200","","-0.04%"
"05/31/2025","49.7200","49.7650","49.7650","49.7200","","-0.08%"
"05/30/2025","49.7600","49.7650","49.7650","49.7200","","0.00%"
"05/29/2025","49.7600","49.7900","49.9100","49.6850","","-0.06%"
"05/28/2025","49.7900","49.7500","49.8900","49.7350","","-0.02%"
"05/27/2025","49.8000","49.8100","49.8900","49.7100","","0.00%"
"05/26/2025","49.8000","49.8900","49.9250","49.7700","","-0.18%"
"05/25/2025","49.8900","49.9000","49.9595","49.8495","","-0.02%"
"05/24/2025","49.9000","49.9000","49.9000","49.9000","","0.00%"
"05/23/2025","49.9000","49.9000","49.9000","49.9000","","0.00%"
"05/22/2025","49.9000","49.8400","50.0050","49.7950","","0.10%"
"05/21/2025","49.8500","49.8700","49.9500","49.7950","","-0.10%"
"05/20/2025","49.9000","50.0600","50.0650","49.8313","","-0.30%"
"05/19/2025","50.0500","50.1000","50.1600","49.9650","","-0.10%"
"05/18/2025","50.1000","50.1300","50.1850","50.0650","","-0.06%"
"05/17/2025","50.1300","50.1300","50.1300","50.1300","","0.00%"
"05/16/2025","50.1300","50.1300","50.1300","50.1300","","-0.04%"
"05/15/2025","50.1500","50.4000","50.4400","50.0853","","-0.48%"
"05/14/2025","50.3900","50.4400","50.5050","50.3201","","-0.14%"
"05/13/2025","50.4600","50.5000","50.6200","50.3655","","-0.10%"
"05/12/2025","50.5100","50.6200","50.6700","50.4400","","-0.20%"
"05/11/2025","50.6100","50.6100","50.7700","50.5425","","0.00%"
"05/10/2025","50.6100","50.6100","50.6100","50.6100","","-0.02%"
"05/09/2025","50.6200","50.6100","50.6200","50.6100","","0.00%"
"05/08/2025","50.6200","50.6300","50.7250","50.5750","","-0.04%"
"05/07/2025","50.6400","50.6700","50.7325","50.5900","","-0.04%"
"05/06/2025","50.6600","50.6800","50.7175","50.5975","","-0.02%"
"05/05/2025","50.6700","50.7300","50.8000","50.6150","","-0.20%"
"05/03/2025","50.7700","50.7700","50.7700","50.7700","","0.00%"
"05/02/2025","50.7700","50.7700","50.7700","50.7700","","-0.04%"
"05/01/2025","50.7900","50.7900","50.7900","50.7900","","-0.08%"
"04/30/2025","50.8300","50.8000","50.9550","50.7300","","0.06%"
"04/29/2025","50.8000","50.8500","50.8850","50.7000","","-0.10%"
"04/28/2025","50.8500","50.9050","51.0300","50.7300","","-0.22%"
"04/26/2025","50.9600","50.9600","50.9600","50.9600","","0.00%"
"04/25/2025","50.9600","50.9600","50.9600","50.9600","","0.00%"
"04/24/2025","50.9600","50.9600","50.9600","50.9600","","0.00%"
"04/23/2025","50.9600","51.0400","51.1350","50.8500","","-0.12%"
"04/22/2025","51.0200","51.1100","51.1450","50.9500","","-0.18%"
"04/21/2025","51.1100","51.1100","51.1100","51.1100","","0.00%"
"04/19/2025","51.1100","51.1100","51.1100","51.1100","","-0.04%"
"04/18/2025","51.1300","51.1300","51.1300","51.1300","","0.00%"
"04/17/2025","51.1300","51.1000","51.1650","51.0000","","0.02%"
"04/16/2025","51.1200","50.9800","51.1575","50.9500","","0.27%"
"04/15/2025","50.9800","51.0000","51.0350","50.8487","","-0.04%"
"04/14/2025","51.0000","51.2000","51.3500","50.9300","","-0.64%"
"04/12/2025","51.3300","51.3300","51.3300","51.3300","","0.00%"
"04/11/2025","51.3300","51.3300","51.3300","51.3300","","0.00%"
"04/10/2025","51.3300","51.6650","51.7050","51.1500","","-0.66%"
"04/09/2025","51.6700","51.2700","51.7200","51.2300","","0.78%"
"04/08/2025","51.2700","51.3900","51.5305","51.2297","","-0.23%"
"04/07/2025","51.3900","51.1100","51.7200","51.0900","","1.58%"
"04/05/2025","50.5900","50.5900","50.5900","50.5900","","0.00%"
"04/04/2025","50.5900","50.5900","50.5900","50.5900","","0.00%"
"04/03/2025","50.5900","50.5500","50.6500","50.5400","","0.04%"
"04/02/2025","50.5700","50.5700","50.5700","50.5700","","0.00%"
"04/01/2025","50.5700","50.5700","50.5700","50.5700","","0.00%"
"03/31/2025","50.5700","50.5700","50.5700","50.5700","","0.00%"
"03/29/2025","50.5700","50.5700","50.5700","50.5600","","0.00%"
"03/28/2025","50.5700","50.5700","50.5700","50.5600","","0.00%"
"03/27/2025","50.5700","50.5500","50.7000","50.5050","","0.06%"
"03/26/2025","50.5400","50.5700","50.6738","50.5205","","-0.06%"
"03/25/2025","50.5700","50.6000","50.6738","50.5313","","-0.06%"
"03/24/2025","50.6000","50.6400","50.6850","50.5500","","0.06%"
"03/22/2025","50.5700","50.5700","50.5700","50.5700","","0.00%"
"03/21/2025","50.5700","50.5700","50.5700","50.5700","","0.00%"
"03/20/2025","50.5700","50.6500","50.6800","50.5100","","-0.14%"
"03/19/2025","50.6400","50.4600","50.7115","50.4400","","0.28%"
"03/18/2025","50.5000","50.5100","50.6300","50.4288","","-0.02%"
"03/17/2025","50.5100","50.5900","50.7000","50.4600","","-0.28%"
"03/15/2025","50.6500","50.6500","50.6500","50.6500","","0.00%"
"03/14/2025","50.6500","50.6500","50.6500","50.6500","","0.00%"
"03/13/2025","50.6500","50.6600","50.7050","50.5950","","-0.02%"
"03/12/2025","50.6600","50.6000","50.7300","50.5650","","0.12%"
"03/11/2025","50.6000","50.6000","50.6650","50.5600","","0.00%"
"03/10/2025","50.6000","50.7300","50.7300","50.5463","","-0.30%"
"03/08/2025","50.7500","50.6800","50.7500","50.6800","","0.14%"
"03/07/2025","50.6800","50.6800","50.6800","50.6800","","0.00%"
"03/06/2025","50.6800","50.6700","50.7700","50.6500","","0.02%"
"03/05/2025","50.6700","50.6200","50.7400","50.5800","","0.08%"
"03/04/2025","50.6300","50.6375","50.7050","50.5888","","-0.01%"
"03/03/2025","50.6375","50.6250","50.7005","50.5850","","-0.02%"
"03/01/2025","50.6500","50.6500","50.6500","50.6500","","0.00%"
"02/28/2025","50.6500","50.6600","50.6600","50.6500","","-0.02%"
"02/27/2025","50.6600","50.5900","50.6950","50.5500","","0.14%"
"02/26/2025","50.5900","50.5700","50.6400","50.4800","","0.02%"
"02/25/2025","50.5800","50.6000","50.6600","50.5525","","-0.04%"
"02/24/2025","50.6000","50.5900","50.6625","50.4900","","0.04%"
"02/22/2025","50.5800","50.5800","50.5800","50.5800","","0.00%"
"02/21/2025","50.5800","50.5800","50.5800","50.5800","","0.00%"
"02/20/2025","50.5800","50.6000","50.6650","50.5300","","-0.10%"
"02/19/2025","50.6300","50.6700","50.7988","50.5700","","-0.02%"
"02/18/2025","50.6400","50.6100","50.6900","50.5500","","0.08%"
"02/17/2025","50.6000","50.6095","50.6600","50.5425","","-0.06%"
"02/15/2025","50.6300","50.6300","50.6300","50.6300","","0.00%"
"02/14/2025","50.6300","50.6300","50.6300","50.6300","","0.00%"
"02/13/2025","50.6300","50.6200","50.7200","50.5950","","0.02%"
"02/12/2025","50.6200","50.4700","50.7263","50.4200","","0.34%"
"02/11/2025","50.4500","50.2900","50.4900","50.2750","","0.32%"
"02/10/2025","50.2900","50.2800","50.3700","50.2350","","-0.02%"
"02/08/2025","50.3000","50.3000","50.3000","50.3000","","0.00%"
"02/07/2025","50.3000","50.3000","50.3000","50.3000","","0.00%"
"02/06/2025","50.3000","50.3300","50.3600","50.2300","","-0.04%"
"02/05/2025","50.3200","50.2900","50.3738","50.2800","","0.09%"
"02/04/2025","50.2725","50.3300","50.3962","50.2263","","-0.17%"
"02/03/2025","50.3600","50.2200","50.4600","50.2150","","0.26%"
"02/01/2025","50.2300","50.2300","50.2300","50.2300","","0.00%"
"01/31/2025","50.2300","50.2300","50.2300","50.2300","","0.00%"
"01/30/2025","50.2300","50.2100","50.2700","50.1945","","0.02%"
"01/29/2025","50.2200","50.1900","50.2783","50.1575","","0.00%"
"01/28/2025","50.2200","50.2400","50.2805","50.1450","","-0.06%"
"01/27/2025","50.2500","50.2700","50.3138","50.2175","","-0.08%"
"01/25/2025","50.2900","50.2900","50.2900","50.2900","","0.00%"
"01/24/2025","50.2900","50.2900","50.2900","50.2900","","0.00%"
"01/23/2025","50.2900","50.3200","50.3813","50.1800","","-0.04%"
"01/22/2025","50.3100","50.3000","50.3650","50.2438","","0.02%"
"01/21/2025","50.3000","50.3000","50.3463","50.2350","","-0.04%"
"01/20/2025","50.3200","50.3500","50.3700","50.2575","","-0.16%"
"01/18/2025","50.4000","50.4000","50.4000","50.4000","","0.00%"
"01/17/2025","50.4000","50.4000","50.4000","50.4000","","0.00%"
"01/16/2025","50.4000","50.4300","50.4825","50.3350","","-0.06%"
"01/15/2025","50.4300","50.4500","50.5250","50.4138","","-0.04%"
"01/14/2025","50.4500","50.5100","50.5800","50.4250","","-0.12%"
"01/13/2025","50.5100","50.5600","50.6050","50.4900","","-0.10%"
"01/11/2025","50.5595","50.5595","50.5595","50.5595","","0.00%"
"01/10/2025","50.5595","50.5595","50.5600","50.5595","","0.00%"
"01/09/2025","50.5595","50.6000","50.6600","50.5500","","-0.08%"
"01/08/2025","50.6000","50.6500","50.6850","50.5600","","-0.10%"
"01/07/2025","50.6500","50.6500","50.6500","50.6500","","0.00%"
"01/06/2025","50.6500","50.7000","50.8000","50.5500","","-0.26%"
"01/04/2025","50.7800","50.7800","50.7800","50.7800","","0.00%"
"01/03/2025","50.7800","50.7800","50.7800","50.7800","","0.00%"
"01/02/2025","50.7800","50.8300","50.8750","50.7325","","-0.12%"
"01/01/2025","50.8400","50.8400","50.8400","50.8400","","0.00%"
"12/31/2024","50.8400","50.8400","50.8787","50.8075","","0.00%"
"12/30/2024","50.8400","50.8600","50.9050","50.8075","","-0.06%"
"12/28/2024","50.8700","50.8700","50.8700","50.8700","","0.00%"
"12/27/2024","50.8700","50.8700","50.8700","50.8700","","0.00%"
"12/26/2024","50.8700","50.8900","50.9450","50.8463","","-0.08%"
"12/25/2024","50.9100","50.9000","50.9545","50.7900","","0.02%"
"12/24/2024","50.9000","51.0600","51.1750","50.8900","","-0.35%"
"12/23/2024","51.0800","50.9200","51.1000","50.8995","","0.33%"
"12/21/2024","50.9100","50.9100","50.9100","50.9100","","0.00%"
"12/20/2024","50.9100","50.9100","50.9100","50.9100","","-0.02%"
"12/19/2024","50.9200","50.8700","50.9625","50.8000","","0.14%"
"12/18/2024","50.8500","50.7900","50.9250","50.7800","","0.14%"
"12/17/2024","50.7800","50.8000","50.9575","50.7500","","-0.04%"
"12/16/2024","50.8000","50.8000","50.9100","50.7550","","-0.04%"
"12/14/2024","50.8200","50.8200","50.8200","50.8200","","0.00%"
"12/13/2024","50.8200","50.8200","50.8200","50.8200","","0.00%"
"12/12/2024","50.8200","50.6500","50.9300","50.6150","","0.36%"
"12/11/2024","50.6400","50.4500","50.6850","50.4450","","0.38%"
"12/10/2024","50.4500","50.5200","50.5500","50.3900","","-0.10%"
"12/09/2024","50.5000","50.2300","50.7603","50.2000","","1.04%"
"12/07/2024","49.9800","49.9800","49.9800","49.9800","","0.00%"
"12/06/2024","49.9800","49.9800","49.9800","49.9800","","0.00%"
"12/05/2024","49.9800","49.8300","50.0250","49.8100","","0.34%"
"12/04/2024","49.8100","49.7400","49.8750","49.7175","","0.13%"
"12/03/2024","49.7450","49.7200","49.7800","49.6050","","0.05%"
"12/02/2024","49.7200","49.5900","49.7950","49.5650","","0.26%"
"11/30/2024","49.5900","49.5900","49.5900","49.5900","","0.00%"
"11/29/2024","49.5900","49.5900","49.5900","49.5900","","0.00%"
"11/28/2024","49.5900","49.6500","49.7413","49.5100","","-0.16%"
"11/27/2024","49.6700","49.5800","49.7013","49.5500","","0.09%"
"11/26/2024","49.6250","49.6100","49.6650","49.5500","","0.01%"
"11/25/2024","49.6200","49.6500","49.7150","49.5550","","-0.10%"
"11/23/2024","49.6700","49.6700","49.6700","49.6700","","0.00%"
"11/22/2024","49.6700","49.7300","49.7300","49.6700","","0.00%"
"11/21/2024","49.6700","49.7300","49.9800","49.6400","","-0.10%"
"11/20/2024","49.7200","49.5400","49.7900","49.5100","","0.35%"
"11/19/2024","49.5450","49.4500","49.6000","49.3500","","0.19%"
"11/18/2024","49.4500","49.3700","49.5200","49.3500","","0.18%"
"11/16/2024","49.3600","49.3600","49.3600","49.3600","","0.00%"
"11/15/2024","49.3600","49.3600","49.3600","49.3600","","0.00%"
"11/14/2024","49.3600","49.3100","49.4200","49.2000","","0.07%"
"11/13/2024","49.3250","49.2100","49.3475","49.1950","","0.23%"
"11/12/2024","49.2100","49.2300","49.2475","49.1625","","-0.04%"
"11/11/2024","49.2300","49.2300","49.3195","49.1775","","-0.14%"
"11/09/2024","49.3000","49.3000","49.3000","49.3000","","0.00%"
"11/08/2024","49.3000","49.3000","49.3000","49.3000","","0.06%"
"11/07/2024","49.2700","49.2200","49.3350","49.2000","","0.06%"
"11/06/2024","49.2400","49.1500","49.2745","49.1200","","0.24%"
"11/05/2024","49.1200","49.0800","49.1800","49.0500","","0.12%"
"11/04/2024","49.0600","48.9800","49.2000","48.9000","","0.27%"
"11/02/2024","48.9300","48.9300","48.9300","48.9300","","0.00%"
"11/01/2024","48.9300","48.9300","48.9300","48.9300","","-0.04%"
"10/31/2024","48.9500","48.7400","49.0000","48.7000","","0.43%"
"10/30/2024","48.7400","48.6900","48.8153","48.6850","","0.06%"
"10/29/2024","48.7100","48.6900","48.8000","48.6300","","0.02%"
"10/28/2024","48.7000","48.7400","48.8000","48.6250","","-0.16%"
"10/26/2024","48.7800","48.7800","48.7800","48.7800","","0.00%"
"10/25/2024","48.7800","48.7800","48.7800","48.7800","","0.00%"
"10/24/2024","48.7800","48.7100","48.8263","48.7098","","0.05%"
"10/23/2024","48.7550","48.6700","48.7700","48.5500","","0.10%"
"10/22/2024","48.7050","48.6400","48.7300","48.5600","","0.07%"
"10/21/2024","48.6700","48.6300","48.6850","48.5400","","0.08%"
"10/19/2024","48.6300","48.6300","48.6300","48.6300","","0.00%"
"10/18/2024","48.6300","48.6300","48.6300","48.6300","","0.00%"
"10/17/2024","48.6300","48.5900","48.7087","48.5500","","0.08%"
"10/16/2024","48.5900","48.5500","48.6600","48.5388","","0.08%"
"10/15/2024","48.5500","48.6000","48.6500","48.4850","","-0.10%"
"10/14/2024","48.6000","48.5500","48.6575","48.5450","","0.04%"
"10/12/2024","48.5800","48.5800","48.5800","48.5800","","0.00%"
"10/11/2024","48.5800","48.5800","48.5800","48.5800","","0.00%"
"10/10/2024","48.5800","48.5000","48.6155","48.4950","","0.16%"
"10/09/2024","48.5000","48.5600","48.6300","48.4000","","-0.21%"
"10/08/2024","48.6000","48.4000","48.6100","48.3975","","0.41%"
"10/07/2024","48.4000","48.3400","48.4725","48.2500","","0.12%"
"10/05/2024","48.3400","48.3400","48.3400","48.3400","","0.00%"
"10/04/2024","48.3400","48.3400","48.3400","48.3400","","-0.02%"
"10/03/2024","48.3500","48.3700","48.4050","48.2950","","-0.04%"
"10/02/2024","48.3700","48.2600","48.4400","48.2250","","0.29%"
"10/01/2024","48.2300","48.2800","48.3500","48.1912","","-0.10%"
"09/30/2024","48.2800","48.4100","48.4650","48.2363","","-0.17%"
"09/28/2024","48.3600","48.3600","48.3600","48.3600","","0.00%"
"09/27/2024","48.3600","48.3600","48.3600","48.3600","","-0.02%"
"09/26/2024","48.3700","48.5500","48.7100","48.3200","","-0.37%"
"09/25/2024","48.5500","48.6900","48.7675","48.5000","","-0.32%"
"09/24/2024","48.7050","48.6700","48.7603","48.6200","","0.09%"
"09/23/2024","48.6600","48.5600","48.7300","48.5475","","0.31%"
"09/21/2024","48.5100","48.5100","48.5100","48.5100","","0.00%"
"09/20/2024","48.5100","48.5100","48.5100","48.5100","","-0.04%"
"09/19/2024","48.5300","48.5300","48.6050","48.4500","","0.00%"
"09/18/2024","48.5300","48.4200","48.6163","48.4000","","0.27%"
"09/17/2024","48.4000","48.4300","48.5000","48.3200","","-0.06%"
"09/16/2024","48.4300","48.4200","48.4800","48.3300","","0.03%"
"09/14/2024","48.4150","48.4150","48.4150","48.4150","","0.00%"
"09/13/2024","48.4150","48.4150","48.4350","48.4100","","0.00%"
"09/12/2024","48.4150","48.3700","48.5150","48.3500","","0.09%"
"09/11/2024","48.3738","48.3600","48.4800","48.3200","","0.03%"
"09/10/2024","48.3600","48.3500","48.4025","48.2500","","0.02%"
"09/09/2024","48.3500","48.4000","48.4450","48.2500","","-0.19%"
"09/07/2024","48.4400","48.4400","48.4400","48.4400","","0.00%"
"09/06/2024","48.4400","48.4400","48.4400","48.4400","","0.00%"
"09/05/2024","48.4400","48.4900","48.5700","48.3875","","-0.08%"
"09/04/2024","48.4800","48.4900","48.5775","48.4500","","-0.04%"
"09/03/2024","48.5000","48.5200","48.5900","48.4250","","-0.08%"
"09/02/2024","48.5400","48.5700","48.6350","48.4800","","-0.16%"
"08/31/2024","48.6200","48.6200","48.6200","48.6200","","0.00%"
"08/30/2024","48.6200","48.6200","48.6200","48.6200","","0.00%"
"08/29/2024","48.6200","48.6500","48.7195","48.5775","","-0.08%"
"08/28/2024","48.6600","48.6900","48.7600","48.6125","","-0.08%"
"08/27/2024","48.7000","48.7300","48.7800","48.6248","","-0.06%"
"08/26/2024","48.7300","48.7800","48.8480","48.6790","","-0.10%"
"08/24/2024","48.7800","48.7800","48.7800","48.7800","","0.00%"
"08/23/2024","48.7800","48.7800","48.7800","48.7800","","0.00%"
"08/22/2024","48.7800","48.7900","48.8500","48.7450","","-0.02%"
"08/21/2024","48.7900","48.8500","48.9300","48.7650","","-0.22%"
"08/20/2024","48.9000","48.7900","48.9133","48.6700","","0.25%"
"08/19/2024","48.7800","48.8100","48.9100","48.7500","","-0.25%"
"08/17/2024","48.9000","48.9000","48.9000","48.9000","","0.00%"
"08/16/2024","48.9000","48.9000","48.9000","48.9000","","-0.04%"
"08/15/2024","48.9200","49.1000","49.1500","48.8500","","-0.37%"
"08/14/2024","49.1000","49.3600","49.5200","49.0700","","-0.57%"
"08/13/2024","49.3800","49.3100","49.4350","49.2850","","0.12%"
"08/12/2024","49.3200","49.2500","49.3713","49.2250","","0.14%"
"08/10/2024","49.2500","49.2500","49.2500","49.2500","","0.00%"
"08/09/2024","49.2500","49.2500","49.2500","49.2500","","0.00%"
"08/08/2024","49.2500","49.2100","49.3150","49.1850","","-0.04%"
"08/07/2024","49.2700","49.2000","49.3400","49.1850","","0.14%"
"08/06/2024","49.2000","49.2500","49.2850","49.1850","","-0.10%"
"08/05/2024","49.2500","48.7500","49.5713","48.7500","","1.19%"
"08/03/2024","48.6700","48.6700","48.6700","48.6700","","0.00%"
"08/02/2024","48.6700","48.6700","48.6700","48.6700","","-0.04%"
"08/01/2024","48.6900","48.5600","48.7500","48.5500","","0.27%"
"07/31/2024","48.5600","48.3900","48.6750","48.3300","","0.25%"
"07/30/2024","48.4400","48.3100","48.4575","48.2750","","0.25%"
"07/29/2024","48.3200","48.3300","48.4385","48.2750","","-0.04%"
"07/27/2024","48.3400","48.3400","48.3400","48.3400","","0.00%"
"07/26/2024","48.3400","48.3400","48.3600","48.3400","","0.00%"
"07/25/2024","48.3400","48.3400","48.3400","48.3400","","0.00%"
"07/24/2024","48.3400","48.3700","48.4295","48.3200","","-0.04%"
"07/23/2024","48.3600","48.4000","48.4700","48.3350","","-0.10%"
"07/22/2024","48.4100","48.3900","48.4775","48.2500","","0.33%"
"07/20/2024","48.2500","48.2500","48.2500","48.2500","","0.00%"
"07/19/2024","48.2500","48.2500","48.2500","48.2500","","0.00%"
"07/18/2024","48.2500","48.2200","48.3500","48.1750","","0.10%"
"07/17/2024","48.2000","48.0100","48.2700","48.0000","","0.33%"
"07/16/2024","48.0400","47.9300","48.1300","47.9300","","0.19%"
"07/15/2024","47.9500","47.9400","48.0125","47.8250","","-0.10%"
"07/13/2024","48.0000","48.0000","48.0000","48.0000","","0.00%"
"07/12/2024","48.0000","48.0000","48.0000","48.0000","","0.00%"
"07/11/2024","48.0000","48.0000","48.0000","48.0000","","0.00%"
"07/10/2024","48.0000","48.0800","48.2325","47.9450","","-0.15%"
"07/09/2024","48.0700","47.9300","48.1550","47.9200","","0.29%"
"07/08/2024","47.9300","47.9500","48.0300","47.8988","","-0.13%"
"07/06/2024","47.9900","47.9900","47.9900","47.9900","","0.00%"
"07/05/2024","47.9900","47.9900","47.9900","47.9900","","0.00%"
"07/04/2024","47.9900","48.1400","48.1900","47.8600","","-0.31%"
"07/03/2024","48.1400","48.1600","48.2450","48.1000","","-0.04%"
"07/02/2024","48.1600","48.2500","48.3050","48.1000","","-0.29%"
"07/01/2024","48.3000","48.0300","48.3038","48.0000","","0.56%"
"06/29/2024","48.0300","48.0300","48.0300","48.0300","","0.00%"
"06/28/2024","48.0300","48.0300","48.0300","48.0300","","0.00%"
"06/27/2024","48.0300","48.0100","48.2050","47.9200","","-0.04%"
"06/26/2024","48.0500","48.3600","48.8400","48.0000","","-0.68%"
"06/25/2024","48.3800","48.3000","48.4505","48.1350","","0.12%"
"06/24/2024","48.3200","48.1500","48.6000","48.1050","","1.28%"
"06/22/2024","47.7100","47.7100","47.7100","47.7100","","0.00%"
"06/21/2024","47.7100","47.7100","47.7100","47.7100","","0.00%"
"06/20/2024","47.7100","47.7100","47.7100","47.7100","","0.00%"
"06/19/2024","47.7100","47.7100","47.7100","47.7100","","0.00%"
"06/18/2024","47.7100","47.7100","47.7100","47.7100","","0.00%"
"06/17/2024","47.7100","47.7100","47.7100","47.7100","","0.00%"
"06/15/2024","47.7100","47.7100","47.7100","47.7100","","0.00%"
"06/14/2024","47.7100","47.7100","47.7100","47.7100","","0.00%"
"06/13/2024","47.7100","47.6900","47.8300","47.6000","","0.04%"
"06/12/2024","47.6900","47.5600","47.7555","47.5450","","0.27%"
"06/11/2024","47.5600","47.7000","47.8000","47.5350","","-0.29%"
"06/10/2024","47.7000","47.5900","47.8100","47.5300","","0.36%"
"06/08/2024","47.5300","47.5300","47.5300","47.5300","","0.00%"
"06/07/2024","47.5300","47.5300","47.5300","47.5300","","0.04%"
"06/06/2024","47.5100","47.6200","47.7500","47.4500","","-0.19%"
"06/05/2024","47.6000","47.4500","47.7200","47.3200","","0.32%"
"06/04/2024","47.4500","47.1000","47.5200","47.0500","","0.74%"
"06/03/2024","47.1000","47.3200","47.4200","47.0500","","-0.36%"
"06/01/2024","47.2700","47.2700","47.2700","47.2700","","0.00%"
"05/31/2024","47.2700","47.2700","47.2700","47.2700","","0.04%"
"05/30/2024","47.2500","47.4000","47.4000","47.1300","","-0.11%"
"05/29/2024","47.3000","47.5100","47.6100","47.2300","","-0.63%"
"05/28/2024","47.6000","47.1700","47.6500","47.1000","","0.91%"
"05/27/2024","47.1700","46.9500","47.2700","46.8500","","0.04%"
"05/25/2024","47.1500","47.1500","47.1500","47.1500","","0.00%"
"05/24/2024","47.1500","47.1500","47.1500","47.1500","","0.00%"
"05/23/2024","47.1500","46.7900","47.3500","46.6900","","0.77%"
"05/22/2024","46.7900","46.6500","46.8900","46.5500","","0.13%"
"05/21/2024","46.7300","46.6400","46.7500","46.5200","","0.19%"
"05/20/2024","46.6400","46.8500","46.9500","46.5400","","-0.58%"
"05/18/2024","46.9100","46.9100","46.9100","46.9100","","0.00%"
"05/17/2024","46.9100","46.9100","46.9100","46.9100","","0.00%"
"05/16/2024","46.9100","46.8800","47.5900","46.7650","","0.17%"
"05/15/2024","46.8300","46.8900","46.9900","46.7450","","-0.04%"
"05/14/2024","46.8500","47.0700","47.1700","46.8000","","-0.47%"
"05/13/2024","47.0700","47.2800","47.3800","46.9625","","-0.70%"
"05/11/2024","47.4000","47.4000","47.4000","47.4000","","0.00%"
"05/10/2024","47.4000","47.4000","47.4000","47.4000","","0.00%"
"05/09/2024","47.4000","47.5500","47.6500","47.2000","","-0.32%"
"05/08/2024","47.5500","47.7200","47.8200","47.4893","","-0.36%"
"05/07/2024","47.7200","47.9400","48.0528","47.6200","","-0.48%"
"05/06/2024","47.9500","47.9500","47.9500","47.9500","","0.00%"
"05/04/2024","47.9500","47.9500","47.9500","47.9500","","0.00%"
"05/03/2024","47.9500","47.9500","47.9500","47.9500","","0.00%"
"05/02/2024","47.9500","47.8800","48.1500","47.7600","","0.15%"
"05/01/2024","47.8800","47.8500","48.0700","47.7200","","0.06%"
"04/30/2024","47.8500","47.9200","48.0000","47.7500","","0.00%"
"04/29/2024","47.8500","47.7450","48.0200","47.5350","","-0.10%"
"04/27/2024","47.9000","47.9000","47.9000","47.9000","","0.00%"
"04/26/2024","47.9000","47.9000","47.9000","47.9000","","0.00%"
"04/25/2024","47.9000","47.9000","47.9000","47.9000","","0.00%"
"04/24/2024","47.9000","48.0500","48.1500","47.8000","","-0.31%"
"04/23/2024","48.0500","48.1500","48.2500","47.9800","","-0.25%"
"04/22/2024","48.1700","48.3700","48.4700","48.0300","","-0.33%"
"04/20/2024","48.3300","48.3300","48.3300","48.3300","","0.00%"
"04/19/2024","48.3300","48.3300","48.3300","48.3300","","0.00%"
"04/18/2024","48.3300","48.5000","48.6200","48.2300","","-0.35%"
"04/17/2024","48.5000","48.5500","48.8800","48.4500","","0.00%"
"04/16/2024","48.5000","48.2900","48.7550","48.2450","","0.52%"
"04/15/2024","48.2500","47.5800","48.7500","47.4800","","1.41%"
"04/13/2024","47.5800","47.5800","47.5800","47.5800","","0.00%"
"04/12/2024","47.5800","47.5500","47.5800","47.5500","","0.06%"
"04/11/2024","47.5500","47.5500","47.5500","47.5500","","0.00%"
"04/10/2024","47.5500","47.5500","47.5500","47.5500","","0.00%"
"04/09/2024","47.5500","47.5500","47.5500","47.5500","","0.00%"
"04/08/2024","47.5500","47.5500","47.8000","47.4500","","0.36%"
"04/06/2024","47.3800","47.3800","47.3800","47.3800","","0.00%"
"04/05/2024","47.3800","47.3800","47.3800","47.3800","","0.06%"
"04/04/2024","47.3500","47.4000","47.5100","47.2700","","0.00%"
"04/03/2024","47.3500","47.2000","47.7000","47.1000","","0.40%"
"04/02/2024","47.1600","47.3000","47.3000","47.0600","","0.02%"
"04/01/2024","47.1500","47.2300","47.3500","47.0900","","-0.53%"
"03/30/2024","47.4000","47.4000","47.4000","47.4000","","0.00%"
"03/29/2024","47.4000","47.4000","47.4000","47.4000","","0.00%"
"03/28/2024","47.4000","47.3800","47.5000","47.0500","","0.32%"
"03/27/2024","47.2500","47.8800","47.9000","47.1800","","-1.19%"
"03/26/2024","47.8200","47.5000","47.9500","47.3500","","0.89%"
"03/25/2024","47.4000","46.6900","47.5500","46.4900","","1.39%"
"03/23/2024","46.7500","46.7500","46.7500","46.7500","","0.00%"
"03/22/2024","46.7500","46.7500","46.7500","46.7500","","0.21%"
"03/21/2024","46.6500","46.9000","47.0900","46.5700","","-0.53%"
"03/20/2024","46.9000","47.0500","47.2000","46.8500","","-0.32%"
"03/19/2024","47.0500","47.1500","47.2900","46.9500","","-0.13%"
"03/18/2024","47.1100","47.2500","47.4200","47.0500","","-1.44%"
"03/16/2024","47.8000","47.8000","47.8500","47.8000","","0.00%"
"03/15/2024","47.8000","47.8000","47.8000","47.8000","","0.00%"
"03/14/2024","47.8000","48.4500","48.5700","47.7500","","-1.34%"
"03/13/2024","48.4500","48.9000","49.0500","48.3100","","-0.72%"
"03/12/2024","48.8000","49.0000","49.1800","48.7000","","-0.51%"
"03/11/2024","49.0500","49.1500","49.3000","48.9500","","-0.71%"
"03/09/2024","49.4000","49.4000","49.4000","49.4000","","0.00%"
"03/08/2024","49.4000","49.4000","49.4000","49.4000","","0.10%"
"03/07/2024","49.3500","49.6000","49.6500","49.3000","","-0.40%"
"03/06/2024","49.5500","30.9000","50.8000","30.8000","","60.36%"
"03/05/2024","30.9000","30.9000","30.9500","30.8000","","0.00%"
"03/04/2024","30.9000","30.9000","30.9500","30.8000","","0.00%"
"03/02/2024","30.9000","30.9000","30.9000","30.9000","","0.00%"
"03/01/2024","30.9000","30.9000","30.9000","30.9000","","0.00%"
"02/29/2024","30.9000","30.9000","30.9500","30.8000","","-0.13%"
"02/28/2024","30.9400","30.9000","30.9500","30.8000","","0.13%"
"02/27/2024","30.9000","30.9000","30.9500","30.8000","","-0.13%"
"02/26/2024","30.9400","30.9000","30.9500","30.8000","","0.13%"
"02/24/2024","30.9000","30.9000","30.9000","30.9000","","0.00%"
"02/23/2024","30.9000","30.9000","30.9000","30.9000","","0.00%"
"02/22/2024","30.9000","30.9000","30.9500","30.8000","","0.00%"
"02/21/2024","30.9000","30.9000","30.9500","30.8000","","-0.13%"
"02/20/2024","30.9400","30.9000","30.9500","30.8000","","0.13%"
"02/19/2024","30.9000","30.9003","30.9500","30.8000","","0.00%"
"02/17/2024","30.9000","30.9000","30.9000","30.9000","","0.00%"
"02/16/2024","30.9000","30.9000","30.9000","30.9000","","0.00%"
"02/15/2024","30.9000","30.9000","30.9500","30.8000","","0.00%"
"02/14/2024","30.9000","30.9000","30.9500","30.8000","","0.00%"
"02/13/2024","30.9000","30.9000","30.9500","30.8000","","0.00%"
"02/12/2024","30.9000","30.9000","30.9500","30.8000","","0.00%"
"02/10/2024","30.9000","30.9000","30.9000","30.9000","","0.00%"
"02/09/2024","30.9000","30.9000","30.9000","30.9000","","0.00%"
"02/08/2024","30.9000","30.9000","30.9500","30.8000","","0.00%"
"02/07/2024","30.9000","30.9000","30.9500","30.8000","","0.00%"
"02/06/2024","30.9000","30.9003","30.9500","30.8000","","0.00%"
"02/05/2024","30.9000","30.9000","30.9500","30.8000","","0.00%"
"02/03/2024","30.9000","30.9000","30.9000","30.9000","","0.00%"
"02/02/2024","30.9000","30.9000","30.9000","30.9000","","0.00%"
"02/01/2024","30.9000","30.9000","30.9500","30.8000","","0.00%"
"01/31/2024","30.9000","30.9000","30.9500","30.8000","","-0.13%"
"01/30/2024","30.9400","30.9000","30.9500","30.8000","","0.13%"
"01/29/2024","30.9000","30.9000","30.9500","30.9000","","0.00%"
"01/27/2024","30.9000","30.9000","30.9000","30.9000","","0.00%"
"01/26/2024","30.9000","30.9000","30.9000","30.9000","","0.00%"
"01/25/2024","30.9000","30.9000","30.9000","30.9000","","0.00%"
"01/24/2024","30.9000","30.9000","30.9500","30.8000","","0.00%"
"01/23/2024","30.9000","30.9000","30.9500","30.8000","","0.00%"
"01/22/2024","30.9000","30.9000","30.9500","30.8000","","0.00%"
"01/20/2024","30.9000","30.9000","30.9000","30.9000","","0.00%"
"01/19/2024","30.9000","30.9000","30.9000","30.9000","","0.00%"
"01/18/2024","30.9000","30.9000","30.9500","30.8000","","0.00%"
"01/17/2024","30.9000","30.9000","30.9500","30.8000","","0.00%"
"01/16/2024","30.9000","30.9000","30.9500","30.8000","","-0.13%"
"01/15/2024","30.9400","30.9000","30.9500","30.8000","","0.13%"
"01/13/2024","30.9000","30.9000","30.9000","30.9000","","0.00%"
"01/12/2024","30.9000","30.9000","30.9000","30.9000","","0.00%"
"01/11/2024","30.9000","30.9000","30.9500","30.8000","","0.00%"
"01/10/2024","30.9000","30.9000","30.9500","30.8000","","0.00%"
"01/09/2024","30.9000","30.9000","30.9500","30.8000","","0.00%"
"01/08/2024","30.9000","30.9000","30.9500","30.8000","","0.32%"
"01/06/2024","30.8000","30.8000","30.8000","30.8000","","0.00%"
"01/05/2024","30.8000","30.8000","30.8000","30.8000","","0.00%"
"01/04/2024","30.8000","30.9000","30.9500","30.8000","","-0.40%"
"01/03/2024","30.9250","30.9000","30.9500","30.8000","","0.00%"
"01/02/2024","30.9250","30.9000","30.9500","30.8000","","0.08%"
"01/01/2024","30.9000","30.9000","30.9000","30.9000","","-0.08%"
"12/30/2023","30.9250","30.9250","30.9250","30.9250","","0.00%"
"12/29/2023","30.9250","30.9250","30.9250","30.9250","","0.00%"
"12/28/2023","30.9250","30.9000","30.9500","30.8000","","0.41%"
"12/27/2023","30.8000","30.9000","30.9500","30.8000","","-0.32%"
"12/26/2023","30.9000","30.9000","30.9500","30.8000","","-0.16%"
"12/25/2023","30.9500","30.9000","30.9500","30.8000","","0.16%"
"12/24/2023","30.9000","30.9000","30.9500","30.8000","","0.00%"
"12/23/2023","30.9000","30.9000","30.9000","30.9000","","0.00%"
"12/22/2023","30.9000","30.9000","30.9000","30.9000","","0.00%"
"12/21/2023","30.9000","30.9000","30.9500","30.8000","","0.00%"
"12/20/2023","30.9000","30.9000","30.9500","30.8000","","-0.08%"
"12/19/2023","30.9250","30.9000","30.9500","30.8000","","0.08%"
"12/18/2023","30.9000","30.9000","30.9500","30.8000","","-0.11%"
"12/17/2023","30.9350","30.9000","30.9500","30.8000","","0.03%"
"12/16/2023","30.9250","30.9250","30.9250","30.9250","","0.00%"
"12/15/2023","30.9250","30.9250","30.9250","30.9250","","0.00%"
"12/14/2023","30.9250","30.9000","30.9500","30.8000","","0.08%"
"12/13/2023","30.9000","30.9000","30.9500","30.8000","","-0.08%"
"12/12/2023","30.9250","30.9000","30.9500","30.8000","","0.00%"
"12/11/2023","30.9250","30.9000","30.9500","30.8000","","0.08%"
"12/10/2023","30.9000","30.9000","30.9500","30.8000","","0.00%"
"12/09/2023","30.9000","30.9000","30.9000","30.9000","","0.00%"
"12/08/2023","30.9000","30.9000","30.9000","30.9000","","0.00%"
"12/07/2023","30.9000","30.9000","30.9500","30.9000","","-0.16%"
"12/06/2023","30.9500","30.9000","30.9500","30.8000","","0.49%"
"12/05/2023","30.8000","30.9000","30.9500","30.8000","","-0.40%"
"12/04/2023","30.9250","30.9000","30.9500","30.8000","","0.08%"
"12/03/2023","30.9000","30.9000","30.9500","30.8000","","0.00%"
"12/02/2023","30.9000","30.9000","30.9000","30.9000","","0.00%"
"12/01/2023","30.9000","30.9000","30.9000","30.9000","","0.00%"
"11/30/2023","30.9000","30.9000","30.9500","30.8000","","-0.16%"
"11/29/2023","30.9500","30.9000","30.9500","30.8000","","0.08%"
"11/28/2023","30.9250","30.9000","30.9500","30.8000","","0.08%"
"11/27/2023","30.9000","30.9000","30.9500","30.8000","","0.00%"
"11/26/2023","30.9000","30.9000","30.9500","30.8000","","0.00%"
"11/25/2023","30.9000","30.9000","30.9000","30.9000","","0.00%"
"11/24/2023","30.9000","30.9000","30.9000","30.9000","","0.00%"
"11/23/2023","30.9000","30.9000","30.9500","30.8000","","0.00%"
"11/22/2023","30.9000","30.9000","30.9500","30.8000","","0.00%"
"11/21/2023","30.9000","30.9000","30.9500","30.8000","","-0.11%"
"11/20/2023","30.9350","30.9000","30.9500","30.9000","","0.11%"
"11/19/2023","30.9000","30.9000","30.9500","30.8000","","-0.08%"
"11/18/2023","30.9250","30.9250","30.9250","30.9250","","0.00%"
"11/17/2023","30.9250","30.9250","30.9250","30.9250","","0.00%"
"11/16/2023","30.9250","30.9000","30.9500","30.8000","","0.00%"
"11/15/2023","30.9250","30.9000","30.9500","30.8000","","0.08%"
"11/14/2023","30.9000","30.9000","30.9500","30.8000","","0.00%"
"11/13/2023","30.9000","30.9000","30.9500","30.8000","","0.00%"
"11/12/2023","30.9000","30.9000","30.9500","30.8000","","0.00%"
"11/11/2023","30.9000","30.9000","30.9000","30.9000","","0.00%"
"11/10/2023","30.9000","30.9000","30.9000","30.9000","","0.00%"
"11/09/2023","30.9000","30.9000","30.9500","30.8000","","0.00%"
"11/08/2023","30.9000","30.9000","30.9500","30.8000","","0.32%"
"11/07/2023","30.8000","30.9000","30.9500","30.8000","","-0.32%"
"11/06/2023","30.9000","30.9000","30.9500","30.8000","","0.00%"
"11/05/2023","30.9000","30.9000","30.9500","30.8000","","0.00%"
"11/04/2023","30.9000","30.9000","30.9000","30.9000","","0.00%"
"11/03/2023","30.9000","30.9000","30.9000","30.9000","","0.00%"
"11/02/2023","30.9000","30.9000","30.9500","30.8000","","0.00%"
"11/01/2023","30.9000","30.9500","30.9500","30.8000","","-0.08%"
"10/31/2023","30.9250","30.9000","30.9500","30.8000","","0.08%"
"10/30/2023","30.9000","30.9000","30.9500","30.8000","","0.00%"
"10/29/2023","30.9000","30.9000","30.9500","30.8000","","0.00%"
"10/28/2023","30.9000","30.9000","30.9000","30.9000","","0.00%"
"10/27/2023","30.9000","30.9000","30.9000","30.9000","","0.00%"
"10/26/2023","30.9000","30.9000","30.9500","30.8000","","0.00%"
"10/25/2023","30.9000","30.9000","30.9500","30.9000","","-0.08%"
"10/24/2023","30.9250","30.9000","30.9500","30.8000","","0.08%"
"10/23/2023","30.9000","30.9000","30.9500","30.8000","","0.00%"
"10/22/2023","30.9000","30.9000","30.9500","30.8000","","0.00%"
"10/21/2023","30.9000","30.9000","30.9000","30.9000","","0.00%"
"10/20/2023","30.9000","30.9000","30.9000","30.9000","","0.00%"
"10/19/2023","30.9000","30.9000","30.9500","30.8000","","-0.08%"
"10/18/2023","30.9250","30.9000","30.9500","30.9000","","0.08%"
"10/17/2023","30.9000","30.9000","30.9500","30.8000","","-0.08%"
"10/16/2023","30.9250","30.9003","30.9500","30.8000","","0.08%"
"10/15/2023","30.9000","30.9000","30.9500","30.8000","","0.00%"
"10/14/2023","30.9000","30.9000","30.9000","30.9000","","0.00%"
"10/13/2023","30.9000","30.9000","30.9000","30.9000","","0.00%"
"10/12/2023","30.9000","30.9000","30.9500","30.8000","","-0.08%"
"10/11/2023","30.9250","30.9000","30.9500","30.8000","","0.08%"
"10/10/2023","30.9000","30.9003","30.9500","30.8000","","0.00%"
"10/09/2023","30.9000","30.9350","30.9500","30.8000","","0.00%"
"10/08/2023","30.9000","30.9000","30.9500","30.8000","","0.32%"
"10/07/2023","30.8000","30.8000","30.8000","30.8000","","0.00%"
"10/06/2023","30.8000","30.8000","30.8000","30.8000","","0.00%"
"10/05/2023","30.8000","30.8000","30.8000","30.8000","","0.00%"
"10/04/2023","30.8000","30.9000","30.9500","30.8000","","-0.40%"
"10/03/2023","30.9250","30.9000","30.9500","30.8000","","0.00%"
"10/02/2023","30.9250","30.9003","30.9500","30.8000","","0.08%"
"10/01/2023","30.9000","30.9000","30.9500","30.8000","","0.00%"
"09/30/2023","30.9000","30.9000","30.9000","30.9000","","0.00%"
"09/29/2023","30.9000","30.9000","30.9000","30.9000","","0.00%"
"09/28/2023","30.9000","30.9000","30.9000","30.9000","","0.00%"
"09/27/2023","30.9000","30.9000","30.9500","30.8000","","-0.08%"
"09/26/2023","30.9250","30.9000","30.9500","30.8000","","0.00%"
"09/25/2023","30.9250","30.9038","30.9500","30.8000","","-0.03%"
"09/24/2023","30.9350","30.9000","30.9500","30.8000","","0.11%"
"09/23/2023","30.9000","30.9000","30.9000","30.9000","","0.00%"
"09/22/2023","30.9000","30.9000","30.9000","30.9000","","0.00%"
"09/21/2023","30.9000","30.9000","30.9500","30.8000","","0.00%"
"09/20/2023","30.9000","30.9000","30.9500","30.8000","","0.00%"
"09/19/2023","30.9000","30.9000","30.9500","30.8000","","0.00%"
"09/18/2023","30.9000","30.9000","30.9500","30.8000","","-0.15%"
"09/17/2023","30.9450","30.9000","30.9500","30.8000","","-0.02%"
"09/16/2023","30.9500","30.9500","30.9500","30.9500","","0.00%"
"09/15/2023","30.9500","30.9500","30.9500","30.9500","","0.00%"
"09/14/2023","30.9500","30.9000","30.9500","30.8000","","0.16%"
"09/13/2023","30.9000","30.9000","30.9500","30.8000","","0.00%"
"09/12/2023","30.9000","30.9000","30.9500","30.8000","","-0.08%"
"09/11/2023","30.9250","30.9000","30.9500","30.8000","","-0.06%"
"09/10/2023","30.9450","30.9000","30.9500","30.8000","","0.15%"
"09/09/2023","30.9000","30.9000","30.9000","30.9000","","0.00%"
"09/08/2023","30.9000","30.9000","30.9000","30.9000","","0.00%"
"09/07/2023","30.9000","30.9000","30.9500","30.8000","","0.00%"
"09/06/2023","30.9000","30.9000","30.9500","30.8000","","-0.08%"
"09/05/2023","30.9250","30.9000","30.9500","30.8000","","0.08%"
"09/04/2023","30.9000","30.9000","30.9500","30.8000","","-0.16%"
"09/03/2023","30.9500","30.9000","30.9500","30.8000","","0.16%"
"09/02/2023","30.9000","30.9000","30.9000","30.9000","","0.00%"
"09/01/2023","30.9000","30.9000","30.9000","30.9000","","0.00%"
"08/31/2023","30.9000","30.9000","30.9500","30.8000","","0.00%"
"08/30/2023","30.9000","30.9000","30.9500","30.8000","","-0.16%"
"08/29/2023","30.9500","30.9000","30.9500","30.8000","","0.16%"
"08/28/2023","30.9000","30.9000","30.9500","30.8000","","0.32%"
"08/27/2023","30.8000","30.9500","30.9500","30.8000","","-0.32%"
"08/26/2023","30.9000","30.9000","30.9000","30.9000","","0.00%"
"08/25/2023","30.9000","30.9000","30.9000","30.9000","","0.00%"
"08/24/2023","30.9000","30.9000","30.9500","30.8000","","0.00%"
"08/23/2023","30.9000","30.8000","30.9500","30.8000","","0.00%"
"08/22/2023","30.9000","30.9000","30.9500","30.8000","","0.00%"
"08/21/2023","30.9000","30.9000","30.9500","30.8000","","-0.08%"
"08/20/2023","30.9250","30.9000","30.9500","30.8000","","0.08%"
"08/19/2023","30.9000","30.9000","30.9000","30.9000","","0.00%"
"08/18/2023","30.9000","30.9000","30.9000","30.9000","","0.00%"
"08/17/2023","30.9000","30.9000","30.9500","30.8000","","0.00%"
"08/16/2023","30.9000","30.9000","30.9500","30.8000","","0.00%"
"08/15/2023","30.9000","30.9000","30.9500","30.8000","","0.00%"
"08/14/2023","30.9000","30.9000","30.9500","30.8000","","-0.16%"
"08/13/2023","30.9500","30.9000","30.9500","30.8000","","0.16%"
"08/12/2023","30.9000","30.9000","30.9000","30.9000","","0.00%"
"08/11/2023","30.9000","30.9000","30.9000","30.9000","","0.00%"
"08/10/2023","30.9000","30.8000","30.9500","30.8000","","0.00%"
"08/09/2023","30.9000","30.9000","30.9500","30.8000","","0.00%"
"08/08/2023","30.9000","30.9000","30.9500","30.8000","","0.00%"
"08/07/2023","30.9000","30.8000","30.9500","30.8000","","-0.16%"
"08/06/2023","30.9500","30.9000","30.9500","30.8000","","0.00%"
"08/05/2023","30.9500","30.9500","30.9500","30.9500","","0.00%"
"08/04/2023","30.9500","30.9500","30.9500","30.9500","","0.00%"
"08/03/2023","30.9500","30.9500","30.9500","30.8000","","0.16%"
"08/02/2023","30.9000","30.8000","30.9500","30.8000","","0.00%"
"08/01/2023","30.9000","30.9000","30.9500","30.8000","","0.00%"
"07/31/2023","30.9000","30.9000","30.9500","30.8000","","0.00%"
"07/30/2023","30.9000","30.9000","30.9500","30.8000","","0.00%"
"07/29/2023","30.9000","30.9000","30.9000","30.9000","","0.00%"
"07/28/2023","30.9000","30.9000","30.9000","30.9000","","0.00%"
"07/27/2023","30.9000","30.9000","30.9500","30.8000","","0.00%"
"07/26/2023","30.9000","30.9000","30.9500","30.8000","","0.00%"
"07/25/2023","30.9000","30.9000","30.9500","30.8000","","0.00%"
"07/24/2023","30.9000","30.9000","30.9500","30.8000","","0.00%"
"07/23/2023","30.9000","30.9000","30.9000","30.9000","","0.00%"
"07/22/2023","30.9000","30.9000","30.9000","30.9000","","0.32%"
"07/21/2023","30.8000","30.8000","30.8000","30.8000","","0.00%"
"07/20/2023","30.8000","30.8000","30.8000","30.8000","","0.00%"
"07/19/2023","30.8000","30.9000","30.9500","30.8000","","-0.32%"
"07/18/2023","30.9000","30.9000","30.9500","30.8000","","0.00%"
"07/17/2023","30.9000","30.9000","30.9500","30.8000","","0.00%"
"07/16/2023","30.9000","30.9000","30.9500","30.8000","","0.00%"
"07/15/2023","30.9000","30.9000","30.9000","30.9000","","0.00%"
"07/14/2023","30.9000","30.9000","30.9000","30.9000","","0.00%"
"07/13/2023","30.9000","30.9000","30.9500","30.8000","","-0.08%"
"07/12/2023","30.9250","30.9000","30.9500","30.8000","","0.00%"
"07/11/2023","30.9250","30.9000","30.9500","30.8000","","0.08%"
"07/10/2023","30.9000","30.9000","30.9500","30.8000","","0.00%"
"07/09/2023","30.9000","30.9000","30.9500","30.8000","","0.00%"
"07/08/2023","30.9000","30.9000","30.9000","30.9000","","0.00%"
"07/07/2023","30.9000","30.9000","30.9000","30.9000","","0.00%"
"07/06/2023","30.9000","30.9500","30.9500","30.8000","","0.00%"
"07/05/2023","30.9000","30.9113","30.9500","30.8000","","0.00%"
"07/04/2023","30.9000","30.9000","30.9500","30.8000","","0.00%"
"07/03/2023","30.9000","30.9000","30.9000","30.9000","","0.00%"
"07/02/2023","30.9000","30.9000","30.9000","30.9000","","0.00%"
"07/01/2023","30.9000","30.9000","30.9000","30.9000","","0.00%"
"06/30/2023","30.9000","30.9000","30.9000","30.9000","","0.00%"
"06/29/2023","30.9000","30.9000","30.9000","30.9000","","0.00%"
"06/28/2023","30.9000","30.9000","30.9000","30.9000","","0.00%"
"06/27/2023","30.9000","30.9000","30.9000","30.9000","","0.00%"
"06/26/2023","30.9000","30.9000","30.9500","30.8000","","0.00%"
"06/25/2023","30.9000","30.9000","30.9500","30.8000","","0.00%"
"06/24/2023","30.9000","30.9000","30.9000","30.9000","","0.00%"
"06/23/2023","30.9000","30.9000","30.9000","30.9000","","-0.05%"
"06/22/2023","30.9150","30.9000","30.9500","30.8000","","0.05%"
"06/21/2023","30.9000","30.9113","30.9500","30.8000","","0.00%"
"06/20/2023","30.9000","30.8000","30.9500","30.8000","","0.00%"
"06/19/2023","30.9000","30.9000","30.9500","30.8000","","0.00%"
"06/18/2023","30.9000","30.8000","30.9500","30.8000","","0.00%"
"06/17/2023","30.9000","30.9000","30.9000","30.9000","","0.00%"
"06/16/2023","30.9000","30.9000","30.9000","30.9000","","0.00%"
"06/15/2023","30.9000","30.9000","30.9500","30.8000","","0.00%"
"06/14/2023","30.9000","30.9000","30.9500","30.8000","","0.00%"
"06/13/2023","30.9000","30.9000","30.9500","30.8000","","0.00%"
"06/12/2023","30.9000","30.9000","30.9500","30.8000","","0.00%"
"06/11/2023","30.9000","30.9000","30.9500","30.8000","","-0.16%"
"06/10/2023","30.9500","30.9500","30.9500","30.9500","","0.00%"
"06/09/2023","30.9500","30.9500","30.9500","30.9500","","0.00%"
"06/08/2023","30.9500","30.8000","30.9500","30.8000","","0.00%"
"06/07/2023","30.9500","30.9000","30.9500","30.8000","","0.16%"
"06/06/2023","30.9000","30.9000","30.9500","30.8000","","0.32%"
"06/05/2023","30.8000","30.9000","30.9500","30.8000","","-0.32%"
"06/04/2023","30.9000","30.9000","30.9500","30.8000","","-0.08%"
"06/03/2023","30.9250","30.9250","30.9250","30.9250","","0.08%"
"06/02/2023","30.9000","30.9000","30.9000","30.9000","","0.00%"
"06/01/2023","30.9000","30.9000","30.9500","30.8000","","0.00%"
"05/31/2023","30.9000","30.8000","30.9500","30.8000","","0.00%"
"05/30/2023","30.9000","30.9000","30.9500","30.8000","","0.00%"
"05/29/2023","30.9000","30.9000","30.9500","30.8000","","0.00%"
"05/28/2023","30.9000","30.9000","30.9500","30.8000","","0.00%"
"05/27/2023","30.9000","30.9000","30.9000","30.9000","","0.00%"
"05/26/2023","30.9000","30.9000","30.9000","30.9000","","0.00%"
"05/25/2023","30.9000","30.9000","30.9500","30.8000","","0.00%"
"05/24/2023","30.9000","30.9000","30.9500","30.8000","","0.32%"
"05/23/2023","30.8000","30.8000","30.9500","30.8000","","-0.32%"
"05/22/2023","30.9000","30.9000","30.9500","30.8000","","0.00%"
"05/21/2023","30.9000","30.9000","30.9500","30.8000","","0.00%"
"05/20/2023","30.9000","30.9000","30.9000","30.9000","","0.00%"
"05/19/2023","30.9000","30.9000","30.9000","30.9000","","0.00%"
"05/18/2023","30.9000","30.9000","30.9500","30.8000","","0.00%"
"05/17/2023","30.9000","30.9000","30.9500","30.8000","","0.00%"
"05/16/2023","30.9000","30.9000","30.9500","30.8000","","0.00%"
"05/15/2023","30.9000","30.9000","30.9500","30.8000","","0.00%"
"05/14/2023","30.9000","30.9000","30.9500","30.8000","","0.00%"
"05/13/2023","30.9000","30.9000","30.9000","30.9000","","0.00%"
"05/12/2023","30.9000","30.9000","30.9000","30.9000","","0.00%"
"05/11/2023","30.9000","30.9000","30.9500","30.8000","","0.00%"
"05/10/2023","30.9000","30.9153","30.9500","30.8000","","0.00%"
"05/09/2023","30.9000","30.9000","30.9500","30.8000","","0.00%"
"05/08/2023","30.9000","30.9000","30.9500","30.8000","","0.00%"
"05/07/2023","30.9000","30.9000","30.9500","30.8000","","0.32%"
"05/06/2023","30.8000","30.8000","30.8000","30.8000","","0.00%"
"05/05/2023","30.8000","30.8000","30.8000","30.8000","","-0.48%"
"05/04/2023","30.9500","30.9500","30.9500","30.9500","","0.00%"
"05/03/2023","30.9500","30.9000","30.9500","30.8000","","0.11%"
"05/02/2023","30.9150","30.9000","30.9500","30.8000","","0.05%"
"05/01/2023","30.9000","30.9000","30.9500","30.8000","","0.00%"
"04/30/2023","30.9000","30.9000","30.9500","30.8000","","0.00%"
"04/29/2023","30.9000","30.9000","30.9000","30.9000","","0.00%"
"04/28/2023","30.9000","30.9000","30.9000","30.9000","","0.00%"
"04/27/2023","30.9000","30.9000","30.9500","30.8000","","-0.16%"
"04/26/2023","30.9500","30.9000","30.9500","30.8000","","0.16%"
"04/25/2023","30.9000","30.9000","30.9000","30.9000","","0.00%"
"04/24/2023","30.9000","30.9000","30.9000","30.9000","","0.00%"
"04/23/2023","30.9000","30.9000","30.9000","30.9000","","0.00%"
"04/22/2023","30.9000","30.9000","30.9000","30.9000","","0.00%"
"04/21/2023","30.9000","30.9000","30.9000","30.9000","","0.00%"
"04/20/2023","30.9000","30.9000","30.9000","30.9000","","0.00%"
"04/19/2023","30.9000","30.9163","30.9500","30.8000","","0.00%"
"04/18/2023","30.9000","30.9000","30.9500","30.8000","","0.00%"
"04/17/2023","30.9000","30.9000","30.9000","30.9000","","0.00%"
"04/16/2023","30.9000","30.9000","30.9000","30.9000","","0.00%"
"04/15/2023","30.9000","30.9000","30.9000","30.9000","","0.00%"
"04/14/2023","30.9000","30.9000","30.9000","30.9000","","0.00%"
"04/13/2023","30.9000","30.9100","30.9500","30.8000","","0.00%"
"04/12/2023","30.9000","30.9000","30.9500","30.8000","","0.32%"
"04/11/2023","30.8000","30.9000","30.9500","30.8000","","-0.32%"
"04/10/2023","30.9000","30.9000","30.9500","30.8000","","0.00%"
"04/09/2023","30.9000","30.9000","30.9500","30.7800","","0.00%"
"04/08/2023","30.9000","30.9000","30.9000","30.9000","","0.00%"
"04/07/2023","30.9000","30.9000","30.9000","30.9000","","0.00%"
"04/06/2023","30.9000","30.9000","30.9500","30.8000","","0.00%"
"04/05/2023","30.9000","30.9000","30.9600","30.8000","","0.00%"
"04/04/2023","30.9000","30.9000","30.9550","30.8000","","0.00%"
"04/03/2023","30.9000","30.8000","30.9500","30.8000","","0.00%"
"04/02/2023","30.9000","30.9150","30.9500","30.8000","","0.32%"
"04/01/2023","30.8000","30.8000","30.8000","30.8000","","0.00%"
"03/31/2023","30.8000","30.8000","30.8000","30.8000","","-0.32%"
"03/30/2023","30.9000","30.9000","30.9500","30.8000","","0.32%"
"03/29/2023","30.8000","30.9000","30.9500","30.8000","","-0.32%"
"03/28/2023","30.9000","30.9000","30.9500","30.8000","","0.00%"
"03/27/2023","30.9000","30.9000","30.9500","30.8000","","0.00%"
"03/26/2023","30.9000","30.8000","30.9500","30.8000","","0.00%"
"03/25/2023","30.9000","30.9000","30.9000","30.9000","","0.00%"
"03/24/2023","30.9000","30.9000","30.9000","30.9000","","-0.16%"
"03/23/2023","30.9500","30.9500","30.9500","30.8000","","0.16%"
"03/22/2023","30.9000","30.9000","30.9500","30.8000","","0.00%"
"03/21/2023","30.9000","30.9500","30.9500","30.9000","","0.00%"
"03/20/2023","30.9000","30.9000","30.9550","30.8000","","-0.16%"
"03/19/2023","30.9500","30.9000","30.9500","30.8000","","0.49%"
"03/18/2023","30.8000","30.8000","30.8000","30.8000","","0.00%"
"03/17/2023","30.8000","30.8000","30.8000","30.8000","","0.00%"
"03/16/2023","30.8000","30.9000","30.9550","30.8000","","-0.32%"
"03/15/2023","30.9000","30.9000","30.9500","30.8000","","0.00%"
"03/14/2023","30.9000","30.9000","30.9500","30.8000","","0.00%"
"03/13/2023","30.9000","30.9000","30.9500","30.8000","","-0.16%"
"03/12/2023","30.9500","30.9000","30.9500","30.7600","","0.16%"
"03/11/2023","30.9000","30.9000","30.9000","30.9000","","0.00%"
"03/10/2023","30.9000","30.9000","30.9000","30.9000","","0.00%"
"03/09/2023","30.9000","30.8800","30.9500","30.7800","","0.06%"
"03/08/2023","30.8800","30.7300","30.9300","30.7300","","0.49%"
"03/07/2023","30.7300","30.6800","30.8800","30.6550","","-0.32%"
"03/06/2023","30.8299","30.7050","30.8299","30.6200","","0.28%"
"03/05/2023","30.7450","30.7700","30.7700","30.6200","","-0.08%"
"03/04/2023","30.7700","30.7700","30.7700","30.7700","","0.00%"
"03/03/2023","30.7700","30.7700","30.7700","30.7700","","0.00%"
"03/02/2023","30.7700","30.5300","30.7800","30.5300","","0.46%"
"03/01/2023","30.6300","30.6150","30.6800","30.5300","","0.00%"
"02/28/2023","30.6300","30.6800","30.6800","30.5300","","0.00%"
"02/27/2023","30.6300","30.6150","30.6800","30.5300","","0.00%"
"02/26/2023","30.6300","30.6150","30.6800","30.5300","","0.00%"
"02/25/2023","30.6300","30.6300","30.6300","30.6300","","0.00%"
"02/24/2023","30.6300","30.6300","30.6300","30.6300","","0.00%"
"02/23/2023","30.6300","30.6150","30.6800","30.5300","","0.00%"
"02/22/2023","30.6300","30.5850","30.6800","30.5000","","0.10%"
"02/21/2023","30.6000","30.5650","30.6499","30.4800","","0.11%"
"02/20/2023","30.5650","30.5550","30.6350","30.4700","","-0.18%"
"02/19/2023","30.6200","30.5700","30.6200","30.4700","","0.16%"
"02/18/2023","30.5700","30.5700","30.5700","30.5700","","0.05%"
"02/17/2023","30.5550","30.5550","30.5550","30.5550","","-0.05%"
"02/16/2023","30.5700","30.5550","30.6200","30.4700","","0.08%"
"02/15/2023","30.5450","30.5550","30.6200","30.4700","","-0.15%"
"02/14/2023","30.5900","30.5350","30.6200","30.4500","","0.21%"
"02/13/2023","30.5250","30.5150","30.6000","30.4300","","-0.02%"
"02/12/2023","30.5300","30.5000","30.5799","30.4000","","0.10%"
"02/11/2023","30.5000","30.5000","30.5000","30.5000","","0.00%"
"02/10/2023","30.5000","30.5000","30.5000","30.5000","","0.00%"
"02/09/2023","30.5000","30.3550","30.5500","30.2700","","0.43%"
"02/08/2023","30.3700","30.2850","30.4200","30.2000","","0.23%"
"02/07/2023","30.3000","30.2850","30.3500","30.2000","","0.33%"
"02/06/2023","30.2000","30.2650","30.3500","30.1800","","-0.26%"
"02/05/2023","30.2800","30.2650","30.3299","30.1800","","0.00%"
"02/04/2023","30.2800","30.2800","30.2800","30.2800","","0.05%"
"02/03/2023","30.2650","30.2800","30.2800","30.2650","","-0.05%"
"02/02/2023","30.2800","30.2000","30.3299","30.1000","","0.26%"
"02/01/2023","30.2000","30.1650","30.2500","30.0650","","0.07%"
"01/31/2023","30.1800","30.0500","30.2650","29.9500","","0.32%"
"01/30/2023","30.0850","29.8900","30.1000","29.8300","","0.48%"
"01/29/2023","29.9400","29.8900","29.9400","29.7900","","0.17%"
"01/28/2023","29.8900","29.8900","29.8900","29.8900","","0.00%"
"01/27/2023","29.8900","29.8900","29.8900","29.8900","","0.00%"
"01/26/2023","29.8900","29.8900","29.8900","29.8900","","0.00%"
"01/25/2023","29.8900","29.8900","29.9400","29.7900","","0.15%"
"01/24/2023","29.8450","29.8700","29.9400","29.7700","","-0.08%"
"01/23/2023","29.8700","29.8400","29.9300","29.7400","","-0.07%"
"01/22/2023","29.8900","29.8400","29.9105","29.7400","","0.17%"
"01/21/2023","29.8400","29.8400","29.8400","29.8400","","0.00%"
"01/20/2023","29.8400","29.8400","29.8400","29.8400","","0.00%"
"01/19/2023","29.8400","29.5500","29.8950","29.5500","","0.64%"
"01/18/2023","29.6500","29.5800","29.7100","29.4800","","0.24%"
"01/17/2023","29.5800","29.6500","29.7750","29.4800","","-0.24%"
"01/16/2023","29.6500","29.5250","29.6925","29.3500","","0.00%"
"01/15/2023","29.6488","29.5250","29.6750","29.4500","","0.33%"
"01/14/2023","29.5500","29.5500","29.5500","29.5500","","0.00%"
"01/13/2023","29.5500","29.5500","29.5500","29.5500","","0.00%"
"01/12/2023","29.5500","29.6500","30.6900","29.3500","","-0.51%"
"01/11/2023","29.7000","27.6500","32.2000","27.5500","","7.32%"
"01/10/2023","27.6750","27.5250","27.7300","27.4500","0.21K","0.27%"
"01/09/2023","27.6000","27.2250","27.7250","27.0500","0.54K","1.47%"
"01/08/2023","27.2000","27.2000","27.2000","27.2000","","0.00%"
"01/07/2023","27.2000","27.2000","27.2000","27.2000","","0.00%"
"01/06/2023","27.2000","27.2000","27.2000","27.2000","","0.00%"
"01/05/2023","27.2000","26.5000","27.2500","26.2750","0.84K","2.84%"
"01/04/2023","26.4500","24.7350","26.6000","24.7050","1.89K","6.76%"
"01/03/2023","24.7750","24.7150","24.8200","24.6850","0.22K","0.22%"
"01/02/2023","24.7200","24.7200","24.7700","24.6800","0.11K","-0.14%"
"01/01/2023","24.7550","24.7550","24.7550","24.7550","","0.00%"
"12/31/2022","24.7550","24.7550","24.7550","24.7550","","0.00%"
"12/30/2022","24.7550","24.7550","24.7550","24.7550","","0.00%"
"12/29/2022","24.7550","24.7300","24.7700","24.6800","0.11K","-0.06%"
"12/28/2022","24.7698","24.7250","24.7750","24.6650","0.17K","0.28%"
"12/27/2022","24.7000","24.6950","24.7499","24.6300","0.10K","-0.20%"
"12/26/2022","24.7498","24.6950","24.7499","24.6650","0.09K","0.00%"
"12/25/2022","24.7498","24.7150","24.7499","24.6050","","0.00%"
"12/24/2022","24.7499","24.7499","24.7499","24.7499","","0.00%"
"12/23/2022","24.7499","24.7499","24.7499","24.7499","","0.00%"
"12/22/2022","24.7499","24.6650","24.7499","24.6650","0.09K","0.06%"
"12/21/2022","24.7350","24.6950","24.7499","24.6650","0.09K","0.14%"
"12/20/2022","24.7000","24.6950","24.7550","24.6550","0.11K","-0.14%"
"12/19/2022","24.7350","24.6700","24.7499","24.6300","0.17K","0.06%"
"12/18/2022","24.7199","24.6850","24.7199","24.6200","","0.14%"
"12/17/2022","24.6850","24.6850","24.6850","24.6850","","0.00%"
"12/16/2022","24.6850","24.6850","24.6850","24.6850","","0.00%"
"12/15/2022","24.6850","24.6700","24.7199","24.6250","0.13K","-0.12%"
"12/14/2022","24.7150","24.6300","24.7199","24.5850","0.25K","0.24%"
"12/13/2022","24.6550","24.5950","24.6799","24.5850","0.13K","0.00%"
"12/12/2022","24.6550","24.5900","24.6799","24.5650","0.17K","0.22%"
"12/11/2022","24.6000","24.5900","24.6499","24.5650","","0.00%"
"12/10/2022","24.6000","24.6000","24.6000","24.6000","","0.00%"
"12/09/2022","24.6000","24.6000","24.6000","24.6000","","0.00%"
"12/08/2022","24.6000","24.5950","24.6550","24.5650","0.14K","-0.18%"
"12/07/2022","24.6450","24.5650","24.6750","24.5500","0.16K","0.18%"
"12/06/2022","24.6000","24.5863","24.6950","24.5350","0.23K","0.16%"
"12/05/2022","24.5600","24.5800","24.6155","24.5350","0.11K","-0.20%"
"12/04/2022","24.6099","24.5700","24.6155","24.5100","","0.18%"
"12/03/2022","24.5650","24.5650","24.5650","24.5650","","0.00%"
"12/02/2022","24.5650","24.5650","24.5650","24.5650","","0.00%"
"12/01/2022","24.5650","24.5550","24.6300","24.5250","0.17K","0.06%"
"11/30/2022","24.5500","24.5550","24.6050","24.5250","0.10K","0.00%"
"11/29/2022","24.5500","24.5550","24.6050","24.5250","0.12K","-0.08%"
"11/28/2022","24.5700","24.5400","24.6050","24.5050","0.18K","0.16%"
"11/27/2022","24.5300","24.5400","24.5850","24.5050","","-0.18%"
"11/26/2022","24.5750","24.5750","24.5750","24.5750","","0.00%"
"11/25/2022","24.5750","24.5750","24.5750","24.5750","","0.00%"
"11/24/2022","24.5750","24.5400","24.5850","24.5050","0.12K","0.08%"
"11/23/2022","24.5550","24.5100","24.5850","24.4850","0.21K","0.18%"
"11/22/2022","24.5100","24.5100","24.5650","24.4750","0.18K","-0.06%"
"11/21/2022","24.5250","24.4700","24.5600","24.4400","0.21K","0.22%"
"11/20/2022","24.4700","24.5000","24.5624","24.4450","","-0.18%"
"11/19/2022","24.5150","24.5150","24.5150","24.5150","","0.00%"
"11/18/2022","24.5150","24.5150","24.5150","24.5150","","0.00%"
"11/17/2022","24.5150","24.4600","24.5200","24.4350","0.23K","0.12%"
"11/16/2022","24.4850","24.4600","24.5150","24.4050","0.29K","0.12%"
"11/15/2022","24.4550","24.4598","24.4800","24.3800","0.20K","-0.02%"
"11/14/2022","24.4595","24.4250","24.4600","24.3550","0.19K","0.26%"
"11/13/2022","24.3950","24.3700","24.4500","24.3550","","0.02%"
"11/12/2022","24.3900","24.3900","24.3900","24.3900","","0.00%"
"11/11/2022","24.3900","24.3900","24.3900","24.3900","","0.00%"
"11/10/2022","24.3900","24.3700","24.4500","24.3220","0.31K","-0.02%"
"11/09/2022","24.3950","24.3300","24.4299","24.2500","0.25K","0.21%"
"11/08/2022","24.3450","24.3000","24.4250","24.2500","0.32K","0.10%"
"11/07/2022","24.3200","24.2500","24.3800","24.2000","0.28K","0.29%"
"11/06/2022","24.2500","24.2500","24.3000","24.2000","","0.00%"
"11/05/2022","24.2500","24.2500","24.2500","24.2500","","0.00%"
"11/04/2022","24.2500","24.2500","24.2500","24.2500","","0.00%"
"11/03/2022","24.2500","24.2000","24.3250","24.0500","0.52K","0.71%"
"11/02/2022","24.0800","24.2000","24.3000","24.0500","0.34K","-0.50%"
"11/01/2022","24.2000","24.0000","24.2700","24.0000","0.29K","0.10%"
"10/31/2022","24.1750","23.8500","24.2550","23.8500","0.31K","1.36%"
"10/30/2022","23.8500","22.9500","24.2150","22.9000","","3.02%"
"10/29/2022","23.1500","23.1500","23.1500","23.1500","","0.00%"
"10/28/2022","23.1500","23.1500","23.1500","23.1500","","0.00%"
"10/27/2022","23.1500","19.7000","23.1500","19.6900","1.39K","17.45%"
"10/26/2022","19.7100","19.6800","19.7400","19.6700","0.16K","0.03%"
"10/25/2022","19.7050","19.6600","19.7200","19.6450","0.15K","0.23%"
"10/24/2022","19.6600","19.6600","19.7000","19.6500","0.07K","-0.20%"
"10/23/2022","19.7000","19.6600","19.7000","19.6450","","0.43%"
"10/22/2022","19.6150","19.6150","19.6150","19.6150","","0.00%"
"10/21/2022","19.6150","19.6150","19.6150","19.6150","","0.00%"
"10/20/2022","19.6150","19.6600","19.7000","19.6050","0.07K","-0.33%"
"10/19/2022","19.6800","19.6600","19.7000","19.6500","0.09K","0.10%"
"10/18/2022","19.6600","19.6600","19.7000","19.6500","0.07K","-0.10%"
"10/17/2022","19.6800","19.6600","19.7000","19.6500","0.09K","0.10%"
"10/16/2022","19.6600","19.6600","19.7000","19.5300","","0.00%"
"10/15/2022","19.6600","19.6600","19.6600","19.6600","","0.00%"
"10/14/2022","19.6600","19.6600","19.6600","19.6600","","0.00%"
"10/13/2022","19.6600","19.6600","19.7000","19.6400","0.07K","-0.13%"
"10/12/2022","19.6850","19.6600","19.7000","19.6500","0.07K","0.00%"
"10/11/2022","19.6850","19.6400","19.7050","19.6300","0.16K","0.10%"
"10/10/2022","19.6650","19.6400","19.6850","19.6300","0.07K","-0.08%"
"10/09/2022","19.6800","19.6400","19.6800","19.6300","","0.10%"
"10/08/2022","19.6600","19.6600","19.6600","19.6600","","0.00%"
"10/07/2022","19.6600","19.6600","19.6600","19.6600","","0.10%"
"10/06/2022","19.6400","19.6400","19.6400","19.6400","","-0.10%"
"10/05/2022","19.6600","19.6400","19.6800","19.6300","0.09K","0.00%"
"10/04/2022","19.6600","19.6200","19.6900","19.6100","0.32K","0.20%"
"10/03/2022","19.6200","19.5400","19.6650","19.4400","0.23K","0.41%"
"10/02/2022","19.5400","19.5400","19.5800","19.5050","","0.00%"
"10/01/2022","19.5400","19.5400","19.5400","19.5400","","0.00%"
"09/30/2022","19.5400","19.5400","19.5400","19.5400","","0.00%"
"09/29/2022","19.5400","19.5100","19.5875","19.5000","0.16K","0.05%"
"09/28/2022","19.5300","19.4900","19.5550","19.4800","0.14K","0.21%"
"09/27/2022","19.4900","19.4700","19.5375","19.4200","0.07K","-0.10%"
"09/26/2022","19.5100","19.4700","19.5375","19.4600","0.12K","0.10%"
"09/25/2022","19.4900","19.4700","19.5150","19.3550","","0.00%"
"09/24/2022","19.4900","19.4900","19.4900","19.4900","","0.00%"
"09/23/2022","19.4900","19.4900","19.4900","19.4900","","0.00%"
"09/22/2022","19.4900","19.4700","19.5175","19.4100","0.09K","0.05%"
"09/21/2022","19.4800","19.4200","19.5250","19.3550","","0.21%"
"09/20/2022","19.4400","19.4000","19.4650","19.3900","","0.10%"
"09/19/2022","19.4200","19.4000","19.4475","19.3900","","-0.14%"
"09/18/2022","19.4475","19.4000","19.4475","19.3550","","0.12%"
"09/17/2022","19.4250","19.4250","19.4250","19.4250","","0.00%"
"09/16/2022","19.4250","19.4250","19.4250","19.4250","","0.00%"
"09/15/2022","19.4250","19.4000","19.4400","19.3450","","0.28%"
"09/14/2022","19.3700","19.3400","19.4150","19.3300","","0.10%"
"09/13/2022","19.3500","19.3400","19.3875","19.3300","","-0.05%"
"09/12/2022","19.3600","19.3200","19.3800","19.2200","","0.21%"
"09/11/2022","19.3200","19.2900","19.3650","19.2300","","-0.03%"
"09/10/2022","19.3250","19.3250","19.3250","19.3250","","0.00%"
"09/09/2022","19.3250","19.3250","19.3250","19.3250","","0.00%"
"09/08/2022","19.3250","19.2500","19.3575","19.2200","","0.29%"
"09/07/2022","19.2700","19.2200","19.2950","19.2050","","0.08%"
"09/06/2022","19.2550","19.2100","19.2675","19.1400","","0.10%"
"09/05/2022","19.2350","19.2100","19.2575","19.2000","0.06K","0.13%"
"09/04/2022","19.2100","19.2250","19.2500","19.2000","","-0.10%"
"09/03/2022","19.2300","19.2300","19.2300","19.2300","","0.00%"
"09/02/2022","19.2300","19.2300","19.2300","19.2300","","0.00%"
"09/01/2022","19.2300","19.2113","19.2500","19.1700","0.07K","-0.03%"
"08/31/2022","19.2350","19.2250","19.2575","19.2000","0.09K","0.00%"
"08/30/2022","19.2350","19.1900","19.2575","19.1800","0.16K","0.13%"
"08/29/2022","19.2100","19.1900","19.2350","19.1450","0.16K","0.03%"
"08/28/2022","19.2050","19.1700","19.2100","19.1600","","0.05%"
"08/27/2022","19.1950","19.1950","19.1950","19.1950","","0.00%"
"08/26/2022","19.1950","19.1950","19.1950","19.1950","","0.00%"
"08/25/2022","19.1950","19.1800","19.2175","19.1500","0.15K","-0.03%"
"08/24/2022","19.2000","19.1737","19.2075","19.1300","0.16K","0.16%"
"08/23/2022","19.1700","19.1300","19.1900","19.1200","0.16K","0.00%"
"08/22/2022","19.1700","19.1500","19.1700","19.1200","0.09K","0.00%"
"08/21/2022","19.1700","19.1300","19.1750","19.1200","","0.21%"
"08/20/2022","19.1300","19.1300","19.1300","19.1300","","-0.10%"
"08/19/2022","19.1500","19.1500","19.1500","19.1500","","0.00%"
"08/18/2022","19.1500","19.1300","19.1700","19.1200","0.07K","0.10%"
"08/17/2022","19.1300","19.1300","19.1700","19.1200","0.07K","-0.10%"
"08/16/2022","19.1500","19.1300","19.1700","19.1200","0.10K","0.00%"
"08/15/2022","19.1500","19.1300","19.1750","19.1200","0.11K","0.10%"
"08/14/2022","19.1300","19.1500","19.1750","19.1100","","-0.10%"
"08/13/2022","19.1500","19.1500","19.1500","19.1500","","0.00%"
"08/12/2022","19.1500","19.1500","19.1500","19.1500","","0.00%"
"08/11/2022","19.1500","19.1300","19.1700","19.1200","0.09K","0.10%"
"08/10/2022","19.1300","19.1500","19.1750","19.1200","0.12K","-0.16%"
"08/09/2022","19.1600","19.1540","19.1700","19.1000","0.09K","-0.05%"
"08/08/2022","19.1700","19.1100","19.1750","19.0950","0.17K","0.31%"
"08/07/2022","19.1100","19.1250","19.1550","19.1000","","0.00%"
"08/06/2022","19.1100","19.1100","19.1100","19.1100","","0.00%"
"08/05/2022","19.1100","19.1300","19.1300","19.1100","","-0.21%"
"08/04/2022","19.1500","19.0800","19.1550","19.0700","0.16K","0.37%"
"08/03/2022","19.0800","19.0200","19.1250","18.9200","0.17K","0.21%"
"08/02/2022","19.0400","18.9400","19.0600","18.9300","0.24K","0.34%"
"08/01/2022","18.9750","18.9400","18.9800","18.9300","0.09K","0.08%"
"07/31/2022","18.9600","18.9200","18.9850","18.9100","","0.21%"
"07/30/2022","18.9200","18.9200","18.9200","18.9200","","0.00%"
"07/29/2022","18.9200","18.9200","18.9200","18.9200","","0.00%"
"07/28/2022","18.9200","18.9400","18.9650","18.9100","0.10K","-0.11%"
"07/27/2022","18.9400","18.9400","18.9650","18.9100","0.09K","-0.11%"
"07/26/2022","18.9600","18.9200","18.9650","18.9100","0.11K","0.00%"
"07/25/2022","18.9600","18.9200","18.9650","18.9100","0.08K","0.00%"
"07/24/2022","18.9600","18.9200","18.9600","18.8700","","0.21%"
"07/23/2022","18.9200","18.9200","18.9200","18.9200","","0.00%"
"07/22/2022","18.9200","18.9200","18.9200","18.9200","","0.00%"
"07/21/2022","18.9200","18.9300","18.9700","18.8700","0.17K","-0.16%"
"07/20/2022","18.9500","18.9313","18.9550","18.9000","0.10K","0.21%"
"07/19/2022","18.9100","18.8800","18.9550","18.8700","0.18K","-0.05%"
"07/18/2022","18.9200","18.8600","18.9250","18.8500","0.20K","0.32%"
"07/17/2022","18.8600","18.8600","18.9050","18.8400","","-0.11%"
"07/16/2022","18.8800","18.8800","18.8800","18.8800","","0.00%"
"07/15/2022","18.8800","18.8800","18.8800","18.8800","","0.00%"
"07/14/2022","18.8800","18.8750","18.8800","18.8750","0.00K","0.03%"
"07/13/2022","18.8750","18.8750","18.8750","18.8750","","-0.03%"
"07/12/2022","18.8800","18.8800","18.8800","18.8800","","0.00%"
"07/11/2022","18.8800","18.8800","18.8800","18.8800","","0.11%"
"07/10/2022","18.8600","18.8600","18.8600","18.8600","","0.00%"
"07/09/2022","18.8600","18.8600","18.8600","18.8600","","0.00%"
"07/08/2022","18.8600","18.8600","18.8600","18.8600","0.00K","-0.13%"
"07/07/2022","18.8850","18.8800","18.9050","18.8500","0.07K","0.00%"
"07/06/2022","18.8850","18.8650","18.9050","18.8500","0.11K","0.13%"
"07/05/2022","18.8600","18.8650","18.9050","18.8300","0.17K","-0.03%"
"07/04/2022","18.8650","18.8100","18.8875","18.8000","0.14K","0.29%"
"07/03/2022","18.8100","18.8050","18.8550","18.7750","","0.05%"
"07/02/2022","18.8000","18.8000","18.8000","18.8000","","0.00%"
"07/01/2022","18.8000","18.8000","18.8000","18.8000","","0.00%"
"06/30/2022","18.8000","18.8000","18.8000","18.8000","","0.00%"
"06/29/2022","18.8000","18.7600","18.8650","18.7250","0.22K","0.03%"
"06/28/2022","18.7950","18.7400","18.8075","18.7300","0.15K","0.11%"
"06/27/2022","18.7750","18.7400","18.7850","18.7300","0.10K","0.05%"
"06/26/2022","18.7650","18.7550","18.7800","18.7300","","-0.05%"
"06/25/2022","18.7750","18.7750","18.7750","18.7750","","0.00%"
"06/24/2022","18.7750","18.7750","18.7750","18.7750","","0.00%"
"06/23/2022","18.7750","18.7400","18.7850","18.7300","0.09K","0.19%"
"06/22/2022","18.7400","18.7400","18.7850","18.7300","0.09K","-0.05%"
"06/21/2022","18.7500","18.7400","18.7850","18.7300","0.09K","-0.13%"
"06/20/2022","18.7750","18.7400","18.7850","18.7300","0.09K","-0.04%"
"06/19/2022","18.7825","18.7600","18.7850","18.6950","","0.23%"
"06/18/2022","18.7400","18.7400","18.7400","18.7400","","0.00%"
"06/17/2022","18.7400","18.7400","18.7400","18.7400","","0.00%"
"06/16/2022","18.7400","18.7400","18.7825","18.7200","0.11K","-0.13%"
"06/15/2022","18.7650","18.7300","18.7875","18.5900","0.22K","0.13%"
"06/14/2022","18.7400","18.7000","18.7750","18.5900","0.24K","0.11%"
"06/13/2022","18.7200","18.6800","18.7500","18.6700","0.19K","0.21%"
"06/12/2022","18.6800","18.6950","18.7200","18.6400","","-0.16%"
"06/11/2022","18.7100","18.7100","18.7100","18.7100","","0.00%"
"06/10/2022","18.7100","18.7100","18.7100","18.7100","","0.00%"
"06/09/2022","18.7100","18.6800","18.7250","18.6700","0.13K","0.11%"
"06/08/2022","18.6900","18.6600","18.7200","18.6450","0.18K","0.03%"
"06/07/2022","18.6850","18.6300","18.7000","18.6050","0.24K","0.16%"
"06/06/2022","18.6550","18.6300","18.6700","18.6200","0.09K","0.13%"
"06/05/2022","18.6300","18.6300","18.6700","18.5150","","0.00%"
"06/04/2022","18.6300","18.6300","18.6300","18.6300","","0.00%"
"06/03/2022","18.6300","18.6300","18.6300","18.6300","","0.00%"
"06/02/2022","18.6300","18.6100","18.6725","18.5950","0.17K","0.00%"
"06/01/2022","18.6300","18.5800","18.6500","18.5700","0.25K","0.13%"
"05/31/2022","18.6050","18.5800","18.6200","18.5700","0.10K","0.00%"
"05/30/2022","18.6050","18.5800","18.6200","18.5700","0.11K","0.05%"
"05/29/2022","18.5950","18.5800","18.6200","18.5150","","-0.05%"
"05/28/2022","18.6050","18.6050","18.6050","18.6050","","0.00%"
"05/27/2022","18.6050","18.6050","18.6050","18.6050","","0.00%"
"05/26/2022","18.6050","18.5950","18.6200","18.5050","0.10K","0.00%"
"05/25/2022","18.6050","18.5000","18.6300","18.4888","0.35K","0.46%"
"05/24/2022","18.5200","18.4050","18.5400","18.3750","0.32K","0.62%"
"05/23/2022","18.4050","18.2600","18.4350","18.2500","0.54K","0.71%"
"05/22/2022","18.2750","18.2600","18.3000","18.2500","","-0.03%"
"05/21/2022","18.2800","18.2800","18.2800","18.2800","","0.00%"
"05/20/2022","18.2800","18.2800","18.2800","18.2800","","0.00%"
"05/19/2022","18.2800","18.2600","18.3000","18.2500","0.10K","0.11%"
"05/18/2022","18.2600","18.2600","18.3053","18.2500","0.14K","-0.11%"
"05/17/2022","18.2800","18.2700","18.3363","18.2400","0.25K","0.00%"
"05/16/2022","18.2800","18.2900","18.3400","18.2600","0.33K","-0.16%"
"05/15/2022","18.3100","18.3100","18.3612","18.2600","","-0.03%"
"05/14/2022","18.3150","18.3150","18.3150","18.3150","","0.00%"
"05/13/2022","18.3150","18.3150","18.3150","18.3150","","0.00%"
"05/12/2022","18.3150","18.3700","18.4900","18.2800","0.35K","-0.38%"
"05/11/2022","18.3850","18.4900","18.5550","18.3600","0.46K","-0.51%"
"05/10/2022","18.4800","18.4800","18.5225","18.4700","0.09K","0.00%"
"05/09/2022","18.4800","18.4800","18.5225","18.4700","0.10K","-0.19%"
"05/08/2022","18.5150","18.4800","18.5200","18.3900","","0.19%"
"05/07/2022","18.4800","18.4800","18.4800","18.4800","","0.00%"
"05/06/2022","18.4800","18.4800","18.4800","18.4800","","0.00%"
"05/05/2022","18.4800","18.4800","18.4800","18.4800","","0.00%"
"05/04/2022","18.4800","18.4800","18.4800","18.4800","","0.00%"
"05/03/2022","18.4800","18.4800","18.4800","18.4800","","0.00%"
"05/02/2022","18.4800","18.4800","18.4800","18.4800","","0.00%"
"05/01/2022","18.4800","18.4800","18.4800","18.4800","","-0.05%"
"04/30/2022","18.4900","18.4900","18.4900","18.4900","","0.00%"
"04/29/2022","18.4900","18.4900","18.4900","18.4900","","0.00%"
"04/28/2022","18.4900","18.4800","18.5350","18.4100","0.20K","-0.05%"
"04/27/2022","18.5000","18.5000","18.5750","18.4650","0.22K","-0.08%"
"04/26/2022","18.5150","18.5500","18.5900","18.4400","0.29K","-0.24%"
"04/25/2022","18.5600","18.5600","18.5600","18.5600","","-0.11%"
"04/24/2022","18.5800","18.5800","18.5800","18.5800","","0.00%"
"04/23/2022","18.5800","18.5800","18.5800","18.5800","","0.00%"
"04/22/2022","18.5800","18.5800","18.5800","18.5800","","0.00%"
"04/21/2022","18.5800","18.4700","18.5950","18.4200","0.29K","0.49%"
"04/20/2022","18.4900","18.4500","18.5100","18.4200","0.25K","0.11%"
"04/19/2022","18.4700","18.4200","18.4938","18.3600","0.24K","0.16%"
"04/18/2022","18.4400","18.3900","18.5000","18.3600","0.38K","0.16%"
"04/17/2022","18.4100","18.3900","18.4900","18.3600","","0.14%"
"04/16/2022","18.3850","18.3850","18.3850","18.3850","","-0.05%"
"04/15/2022","18.3950","18.3950","18.3950","18.3950","","0.00%"
"04/14/2022","18.3950","18.4100","18.5000","18.3350","0.35K","-0.08%"
"04/13/2022","18.4100","18.5000","18.5550","18.3850","0.73K","-0.49%"
"04/12/2022","18.5000","18.4200","18.5715","18.4100","0.94K","0.33%"
"04/11/2022","18.4400","18.3500","18.4663","18.2900","0.65K","0.49%"
"04/10/2022","18.3500","18.3400","18.3900","18.3190","","0.05%"
"04/09/2022","18.3400","18.3400","18.3400","18.3400","","0.00%"
"04/08/2022","18.3400","18.3400","18.3400","18.3400","","0.00%"
"04/07/2022","18.3400","18.3150","18.3725","18.2775","0.38K","0.16%"
"04/06/2022","18.3100","18.2900","18.3500","18.2395","0.39K","0.38%"
"04/05/2022","18.2400","18.2800","18.3050","18.2150","0.32K","0.00%"
"04/04/2022","18.2400","18.2800","18.3000","18.2100","0.28K","-0.05%"
"04/03/2022","18.2500","18.2900","18.3200","18.2100","","-0.22%"
"04/02/2022","18.2900","18.2900","18.2900","18.2900","","0.05%"
"04/01/2022","18.2800","18.2800","18.2800","18.2800","","0.00%"
"03/31/2022","18.2800","18.3000","18.3300","18.2200","0.43K","0.05%"
"03/30/2022","18.2700","18.3000","18.3450","18.2250","0.53K","-0.27%"
"03/29/2022","18.3200","18.3000","18.3612","18.2750","0.35K","0.05%"
"03/28/2022","18.3100","18.3200","18.3650","18.2700","0.37K","0.14%"
"03/27/2022","18.2850","18.3000","18.3500","18.2200","","-1.16%"
"03/26/2022","18.5000","18.5000","18.5000","18.5000","","0.90%"
"03/25/2022","18.3350","18.3350","18.3350","18.3350","0.00K","0.03%"
"03/24/2022","18.3300","18.3850","18.5050","18.2350","0.66K","-0.22%"
"03/23/2022","18.3700","18.5000","18.5365","18.3000","0.61K","-0.91%"
"03/22/2022","18.5388","18.2000","18.5650","18.1950","0.23K","1.75%"
"03/21/2022","18.2200","15.6900","18.2500","15.6400","0.56K","15.68%"
"03/20/2022","15.7500","15.7100","15.7500","15.6900","","0.19%"
"03/19/2022","15.7200","15.7200","15.7200","15.7200","","0.00%"
"03/18/2022","15.7200","15.7200","15.7200","15.7200","","0.00%"
"03/17/2022","15.7200","15.6900","15.7500","15.6900","0.07K","0.00%"
"03/16/2022","15.7200","15.7100","15.7500","15.6900","0.09K","0.06%"
"03/15/2022","15.7100","15.7000","15.7500","15.6900","0.09K","-0.19%"
"03/14/2022","15.7400","15.7100","15.7500","15.6900","0.10K","-0.06%"
"03/13/2022","15.7500","15.7100","15.7500","15.6600","","0.38%"
"03/12/2022","15.6900","15.6900","15.6900","15.6900","","0.00%"
"03/11/2022","15.6900","15.6900","15.6900","15.6900","","-0.19%"
"03/10/2022","15.7200","15.7100","15.7500","15.6900","0.09K","-0.13%"
"03/09/2022","15.7400","15.7100","15.7500","15.6900","0.09K","0.00%"
"03/08/2022","15.7400","15.7250","15.7500","15.6900","0.10K","0.00%"
"03/07/2022","15.7400","15.7100","15.7500","15.6900","0.12K","0.10%"
"03/06/2022","15.7250","15.7100","15.7500","15.6900","","0.16%"
"03/05/2022","15.7000","15.7000","15.7000","15.7000","","0.06%"
"03/04/2022","15.6900","15.7100","15.7225","15.6900","0.01K","-0.29%"
"03/03/2022","15.7350","15.7460","15.7500","15.6600","0.10K","0.10%"
"03/02/2022","15.7200","15.6900","15.7500","15.6900","0.11K","0.06%"
"03/01/2022","15.7100","15.6900","15.7500","15.6900","0.12K","0.00%"
"02/28/2022","15.7100","15.7100","15.7500","15.6900","0.15K","0.01%"
"02/27/2022","15.7088","15.7100","15.7425","15.6900","","-0.23%"
"02/26/2022","15.7450","15.7450","15.7450","15.7450","","0.00%"
"02/25/2022","15.7450","15.7450","15.7450","15.7450","","0.00%"
"02/24/2022","15.7450","15.7100","15.7455","15.6900","0.13K","0.16%"
"02/23/2022","15.7200","15.7100","15.7475","15.6900","0.13K","0.03%"
"02/22/2022","15.7150","15.7000","15.7500","15.6900","0.16K","0.00%"
"02/21/2022","15.7150","15.7100","15.7475","15.6900","0.16K","0.03%"
"02/20/2022","15.7100","15.7300","15.7450","15.6900","","-0.16%"
"02/19/2022","15.7350","15.7350","15.7350","15.7350","","0.00%"
"02/18/2022","15.7350","15.7350","15.7350","15.7350","","0.00%"
"02/17/2022","15.7350","15.7100","15.7488","15.6900","0.13K","0.16%"
"02/16/2022","15.7100","15.6900","15.7488","15.6900","0.16K","-0.06%"
"02/15/2022","15.7200","15.7388","15.7500","15.6900","0.17K","0.00%"
"02/14/2022","15.7200","15.7000","15.7525","15.6900","0.17K","0.06%"
"02/13/2022","15.7100","15.7100","15.7525","15.6900","","0.00%"
"02/12/2022","15.7100","15.7100","15.7100","15.7100","","0.00%"
"02/11/2022","15.7100","15.7100","15.7100","15.7100","","0.00%"
"02/10/2022","15.7100","15.6900","15.7525","15.6900","0.18K","-0.16%"
"02/09/2022","15.7350","15.7100","15.7513","15.6900","0.17K","0.06%"
"02/08/2022","15.7250","15.7250","15.7613","15.6825","0.18K","0.10%"
"02/07/2022","15.7100","15.7100","15.7475","15.6900","0.14K","0.00%"
"02/06/2022","15.7100","15.7100","15.7450","15.6838","","-0.16%"
"02/05/2022","15.7350","15.7350","15.7350","15.7350","","0.00%"
"02/04/2022","15.7350","15.7350","15.7350","15.7350","","0.00%"
"02/03/2022","15.7350","15.6900","15.7500","15.6898","0.16K","0.17%"
"02/02/2022","15.7085","15.7100","15.7500","15.6900","0.15K","-0.01%"
"02/01/2022","15.7100","15.6900","15.7500","15.6900","0.16K","0.00%"
"01/31/2022","15.7100","15.7100","15.7586","15.6900","0.17K","0.00%"
"01/30/2022","15.7100","15.7100","15.7450","15.6900","","-0.19%"
"01/29/2022","15.7400","15.7400","15.7400","15.7400","","0.00%"
"01/28/2022","15.7400","15.7400","15.7400","15.7400","","0.00%"
"01/27/2022","15.7400","15.7400","15.7400","15.7400","","0.00%"
"01/26/2022","15.7400","15.6900","15.7500","15.6900","0.15K","0.00%"
"01/25/2022","15.7400","15.6900","15.7500","15.6900","0.14K","0.19%"
"01/24/2022","15.7100","15.6900","15.7503","15.6900","0.14K","0.00%"
"01/23/2022","15.7100","15.6900","15.7475","15.6900","","-0.03%"
"01/22/2022","15.7150","15.7150","15.7150","15.7150","","0.00%"
"01/21/2022","15.7150","15.7150","15.7150","15.7150","","-0.16%"
"01/20/2022","15.7400","15.7250","15.7500","15.6900","0.13K","0.19%"
"01/19/2022","15.7100","15.7100","15.7500","15.6900","0.11K","-0.19%"
"01/18/2022","15.7400","15.7100","15.7525","15.6870","0.21K","0.16%"
"01/17/2022","15.7150","15.6900","15.7453","15.6823","0.28K","0.20%"
"01/16/2022","15.6833","15.6900","15.7438","15.6800","","-0.04%"
"01/15/2022","15.6900","15.6900","15.6900","15.6900","","0.00%"
"01/14/2022","15.6900","15.6900","15.6900","15.6900","","0.00%"
"01/13/2022","15.6900","15.7000","15.7495","15.6700","0.31K","-0.19%"
"01/12/2022","15.7200","15.7050","15.7540","15.6900","0.13K","0.06%"
"01/11/2022","15.7100","15.7200","15.7500","15.6883","0.17K","-0.13%"
"01/10/2022","15.7300","15.6900","15.7500","15.6900","0.14K","0.16%"
"01/09/2022","15.7050","15.7100","15.7500","15.6900","","-0.06%"
"01/08/2022","15.7150","15.7150","15.7150","15.7150","","0.00%"
"01/07/2022","15.7150","15.7150","15.7150","15.7150","","0.00%"
"01/06/2022","15.7150","15.7150","15.7150","15.7150","","0.00%"
"01/05/2022","15.7150","15.7300","15.7500","15.6900","0.13K","-0.10%"
"01/04/2022","15.7300","15.7100","15.7500","15.6900","0.08K","-0.12%"
"01/03/2022","15.7488","15.7100","15.7500","15.6900","0.11K","0.25%"
"01/02/2022","15.7100","15.7100","15.7500","15.6900","","0.00%"
"01/01/2022","15.7100","15.7100","15.7100","15.7100","","0.00%"